timestamp,symbol,group,barca,quantity,price,value,target_percent
2025-12-17T22:14:44.236107+00:00,ASTR,Holding,Altcoins,55762.82931,0.010188188555823943,568.1222194165059,0.45
2025-12-17T22:14:44.236107+00:00,VIRTUAL,Holding,Altcoins,1575.45986,0.6772328490492481,1066.9531695505293,0.3
2025-12-17T22:14:44.236107+00:00,USDT,Holding,Caixa,29480.95068966,0.999675632769313,29471.388035326774,40
2025-12-17T22:14:44.236107+00:00,FET,Holding,Altcoins,5918.159502209999,0.205974319746932,1218.9888776215464,0.88
2025-12-17T22:14:44.236107+00:00,BNB,Holding,Altcoins,0.0726258,838.3314083063108,60.88448919337247,0.03
2025-12-17T22:14:44.236107+00:00,SAND,Holding,Altcoins,846.3602988,0.1144550715234142,96.87022853373222,0
2025-12-17T22:14:44.236107+00:00,LINK,DeFi,Altcoins,0.6786386,12.194174241646795,8.275437335507243,0
2025-12-17T22:14:44.236107+00:00,USDT,DeFi,Caixa,2.91,0.999675632769313,2.909056091358701,0
2025-12-17T22:14:44.236107+00:00,XRD,Holding,Altcoins,69611.3,0.0015864328018311534,110.43364969810897,0
2025-12-17T22:14:44.236107+00:00,SOL,DeFi,Altcoins,0.0660798,122.4116826530366,8.088939507376129,0
2025-12-17T22:14:44.236107+00:00,S,Holding,Altcoins,3059.0620288,0.078499810245979,240.13578879147954,0
2025-12-17T22:14:44.236107+00:00,MNT,Holding,Altcoins,0.07529214,1.1936510785219974,0.08987254411522921,0
2025-12-17T22:14:44.236107+00:00,BTC,DeFi,Base,0.00042193,85989.73560648995,36.281649144446305,0
2025-12-17T22:14:44.236107+00:00,ARC,DeFi,Altcoins,36.7125,0.03801562259582236,1.3956485445491285,0
2025-12-17T22:14:44.236107+00:00,TIA,Holding,Altcoins,145.97388,0.48117332462306023,70.23873714772765,0
2025-12-17T22:14:44.236107+00:00,POL,Holding,Altcoins,10035.37126,0.10655366346522964,1069.3055719866775,0.5
2025-12-17T22:14:44.236107+00:00,USDC,DeFi,Caixa,101.25733500000001,0.999811356565132,101.23823346852002,0
2025-12-17T22:14:44.236107+00:00,LINK,Holding,Altcoins,407.887,12.194174241646795,4973.8451489025865,2
2025-12-17T22:14:44.236107+00:00,AAVE,DeFi,Altcoins,0.77915,178.08342250827866,138.7536986473253,0
2025-12-17T22:14:44.236107+00:00,GRIFFAIN,Holding,Altcoins,31272.051999999996,0.016063099155184713,502.3260720620924,0.3
2025-12-17T22:14:44.236107+00:00,TAI,Holding,Altcoins,1906.1919,0.02052143303511823,39.11778942793479,0
2025-12-17T22:14:44.236107+00:00,RENDER,Holding,Altcoins,83.01374000000001,1.2995545162970608,107.88088073170996,0
2025-12-17T22:14:44.236107+00:00,IMX,Holding,Altcoins,364.43289,0.23207088637497145,84.57426380649247,0.1
2025-12-17T22:14:44.236107+00:00,ETH,DeFi,Altcoins,0.11161887000000001,2817.7217172488185,314.51091405377264,0
2025-12-17T22:14:44.236107+00:00,PAAL,Holding,Altcoins,6140.853,0.013317431471752642,81.78038900560662,0.1
2025-12-17T22:14:44.236107+00:00,GALA,Holding,Altcoins,20800.1022768,0.00620028461965927,128.9665542341828,0
2025-12-17T22:14:44.236107+00:00,ENA,Holding,Altcoins,1115.11627143,0.20153709571676695,224.7372947305122,0.2
2025-12-17T22:14:44.236107+00:00,BTC,DeFi,RendaPassiva,0.101325,85989.73560648995,8712.909960327595,0
2025-12-17T22:14:44.236107+00:00,NEAR,Holding,Altcoins,1265.66195157,1.4748768891237216,1866.69556181382,0.84
2025-12-17T22:14:44.236107+00:00,DYDX,Holding,Altcoins,2312.2487602600004,0.1686261232344346,389.90554439627135,0
2025-12-17T22:14:44.236107+00:00,ETH,DeFi,RendaPassiva,1.3587651,2817.7217172488185,3828.621930909763,0
2025-12-17T22:14:44.236107+00:00,PYTH,Holding,Altcoins,878.54025,0.05575118867119081,48.979663232985146,0
2025-12-17T22:14:44.236107+00:00,USDT,DeFi,RendaPassiva,785.39,0.999675632769313,785.135245220691,0
2025-12-17T22:14:44.236107+00:00,ARC,Holding,Altcoins,22048.67,0.03801562259582236,838.1939174598306,0.3
2025-12-17T22:14:44.236107+00:00,PENDLE,DeFi,Altcoins,73.53921,1.8280207541718447,134.43120212540165,0
2025-12-17T22:14:44.236107+00:00,ATOM,Holding,Altcoins,644.780011,1.9373080404870353,1249.1374996556192,0.9
2025-12-17T22:14:44.236107+00:00,ONDO,Holding,Altcoins,601.40277023,0.3873194281615321,232.93497706024488,0.3
2025-12-17T22:14:44.236107+00:00,CKB,Holding,Altcoins,258531.12028953,0.002312427026749426,597.8343498133161,0.4
2025-12-17T22:14:44.236107+00:00,ALGO,Holding,Altcoins,6009.82021,0.11144077456616674,669.7390192058028,0.5
2025-12-17T22:14:44.236107+00:00,ETH,Holding,Altcoins,5.2558932,2817.7217172488185,14809.644413180387,4
2025-12-17T22:14:44.236107+00:00,AAVE,Holding,Altcoins,8.719417,178.08342250827866,1552.7836216368676,1
2025-12-17T22:14:44.236107+00:00,SOL,Holding,Altcoins,14.012607079999999,122.4116826530366,1715.306811018654,0.5
2025-12-17T22:14:44.236107+00:00,POL,DeFi,Altcoins,428.44,0.10655366346522964,45.65185157504299,0
2025-12-17T22:14:44.236107+00:00,BTC,Holding,Base,0.9498425699999999,85989.73560648995,81676.71146208893,45
2025-12-17T22:14:44.236107+00:00,DOT,Holding,Altcoins,648.27344032,1.8012477815296208,1167.701096200975,0.9
2025-12-17T22:14:44.236107+00:00,USDC,DeFi,RendaPassiva,4653.6900000000005,0.999811356565132,4652.81211193359,0
2025-12-17T22:14:44.236107+00:00,RAY,DeFi,Altcoins,0.4,0.9112302917091842,0.3644921166836737,0
2025-12-17T22:16:15.052053+00:00,ASTR,Holding,Altcoins,55762.82931,0.01019162833489654,568.3140312297953,0.45
2025-12-17T22:16:15.052053+00:00,USDT,Holding,Caixa,29480.95068966,0.999655159118915,29470.784452648953,40
2025-12-17T22:16:15.052053+00:00,ARC,Holding,Altcoins,22048.67,0.03809020777770088,839.83842152196,0.3
2025-12-17T22:16:15.052053+00:00,GALA,Holding,Altcoins,20800.1022768,0.00620028461965927,128.9665542341828,0
2025-12-17T22:16:15.052053+00:00,USDT,DeFi,RendaPassiva,785.39,0.999655159118915,785.1191654204046,0
2025-12-17T22:16:15.052053+00:00,AAVE,DeFi,Altcoins,0.77915,178.09456847795346,138.76238302959743,0
2025-12-17T22:16:15.052053+00:00,LINK,DeFi,Altcoins,0.6786386,12.19278579633753,8.274495082926386,0
2025-12-17T22:16:15.052053+00:00,PENDLE,DeFi,Altcoins,73.53921,1.8223031369936835,134.01073307503725,0
2025-12-17T22:16:15.052053+00:00,USDC,DeFi,RendaPassiva,4653.6900000000005,0.999778547372126,4652.659428120189,0
2025-12-17T22:16:15.052053+00:00,DYDX,Holding,Altcoins,2312.2487602600004,0.16864012777946036,389.93792638814523,0
2025-12-17T22:16:15.052053+00:00,ETH,DeFi,Altcoins,0.11161887000000001,2818.97192309064,314.65046061710416,0
2025-12-17T22:16:15.052053+00:00,FET,Holding,Altcoins,5918.159502209999,0.20585214448582123,1218.2658249390686,0.88
2025-12-17T22:16:15.052053+00:00,ADA,Holding,Altcoins,3604.23462017,0.3660238958789181,1319.235997336296,0.5
2025-12-17T22:16:15.052053+00:00,USDT,DeFi,Caixa,2.91,0.999655159118915,2.9089965130360427,0
2025-12-17T22:16:15.052053+00:00,ONDO,Holding,Altcoins,601.40277023,0.38721344475132735,232.87123834374933,0.3
2025-12-17T22:16:15.052053+00:00,MNT,Holding,Altcoins,0.07529214,1.1940327803113218,0.08990128325978927,0
2025-12-17T22:16:15.052053+00:00,BTC,Holding,Base,0.9498425699999999,85973.10993589106,81660.9196923993,45
2025-12-17T22:16:15.052053+00:00,SOL,DeFi,Altcoins,0.0660798,122.42741857022446,8.089979333636718,0
2025-12-17T22:16:15.052053+00:00,NEAR,Holding,Altcoins,1265.66195157,1.4753565061333094,1867.3025948141812,0.84
2025-12-17T22:16:15.052053+00:00,ETH,Holding,Altcoins,5.2558932,2818.97192309064,14816.215361563018,4
2025-12-17T22:16:15.052053+00:00,ALGO,Holding,Altcoins,6009.82021,0.11144077456616674,669.7390192058028,0.5
2025-12-17T22:16:15.052053+00:00,POL,Holding,Altcoins,10035.37126,0.10657540240627154,1069.5237303308322,0.5
2025-12-17T22:16:15.052053+00:00,RENDER,Holding,Altcoins,83.01374000000001,1.2994359703461345,107.87103978896172,0
2025-12-17T22:16:15.052053+00:00,GRIFFAIN,Holding,Altcoins,31272.051999999996,0.016107578880937567,503.7170443587813,0.3
2025-12-17T22:16:15.052053+00:00,BTC,DeFi,Base,0.00042193,85973.10993589106,36.27463427525051,0
2025-12-17T22:16:15.052053+00:00,POL,DeFi,Altcoins,428.44,0.10657540240627154,45.66116540694298,0
2025-12-17T22:16:15.052053+00:00,BTC,DeFi,RendaPassiva,0.101325,85973.10993589106,8711.225364254162,0
2025-12-17T22:16:15.052053+00:00,ENA,Holding,Altcoins,1115.11627143,0.2014805097027895,224.67419474559057,0.2
2025-12-17T22:16:15.052053+00:00,SOL,Holding,Altcoins,14.012607079999999,122.42741857022446,1715.5273122432507,0.5
2025-12-17T22:16:15.052053+00:00,USDC,DeFi,Caixa,101.25733500000001,0.999778547372126,101.23491129707273,0
2025-12-17T22:16:15.052053+00:00,RAY,DeFi,Altcoins,0.4,0.910910661847379,0.3643642647389516,0
2025-12-17T22:16:15.052053+00:00,LINK,Holding,Altcoins,407.887,12.19278579633753,4973.278820110726,2
2025-12-17T22:16:15.052053+00:00,S,Holding,Altcoins,3059.0620288,0.078499810245979,240.13578879147954,0
2025-12-17T22:16:15.052053+00:00,BNB,Holding,Altcoins,0.0726258,838.3941003673455,60.88904225445876,0.03
2025-12-17T22:16:15.052053+00:00,CKB,Holding,Altcoins,258531.12028953,0.002313858781737465,598.2045030343539,0.4
2025-12-17T22:16:15.052053+00:00,VIRTUAL,Holding,Altcoins,1575.45986,0.6770158044057133,1066.6112244268124,0.3
2025-12-17T22:16:15.052053+00:00,PAAL,Holding,Altcoins,6140.853,0.013320025261387113,81.79631708646484,0.1
2025-12-17T22:16:15.052053+00:00,XRD,Holding,Altcoins,69611.3,0.0015859692935710804,110.40138428556456,0
2025-12-17T22:16:15.052053+00:00,SAND,Holding,Altcoins,846.3602988,0.11448573255369623,96.89617881248323,0
2025-12-17T22:16:15.052053+00:00,AAVE,Holding,Altcoins,8.719417,178.09456847795346,1552.8808079943315,1
2025-12-17T22:16:15.052053+00:00,IMX,Holding,Altcoins,364.43289,0.2321228415695468,84.59319798820208,0.1
2025-12-17T22:16:15.052053+00:00,PYTH,Holding,Altcoins,878.54025,0.05575669468836654,48.98450049069121,0
2025-12-17T22:16:15.052053+00:00,ATOM,Holding,Altcoins,644.780011,1.936869850962012,1248.8549638088543,0.9
2025-12-17T22:16:15.052053+00:00,TIA,Holding,Altcoins,145.97388,0.4809550385875525,70.20687308817476,0
2025-12-17T22:16:15.052053+00:00,ZIL,Holding,Altcoins,45523.089974,0.004613593541747584,210.02503390444062,0
2025-12-17T22:16:15.052053+00:00,DOT,Holding,Altcoins,648.27344032,1.8013818148423988,1167.787986437767,0.9
2025-12-17T22:16:15.052053+00:00,TAI,Holding,Altcoins,1906.1919,0.020527971022197607,39.1302520859478,0
2025-12-17T22:16:15.052053+00:00,ETH,DeFi,RendaPassiva,1.3587651,2818.97192309064,3830.320666975446,0
2025-12-17T22:16:15.052053+00:00,ARC,DeFi,Altcoins,36.7125,0.03809020777770088,1.3983867530388434,0
2025-12-17T22:19:13.932262+00:00,ENA,Holding,Altcoins,1115.11627143,0.20162197773496163,224.8319480501529,0.2
2025-12-17T22:19:13.932262+00:00,LINK,DeFi,Altcoins,0.6786386,12.206751084866651,8.283972466782386,0
2025-12-17T22:19:13.932262+00:00,RAY,DeFi,Altcoins,0.4,0.9121790867847932,0.3648716347139173,0
2025-12-17T22:19:13.932262+00:00,PENDLE,DeFi,Altcoins,73.53921,1.821234694898868,133.93216068745377,0
2025-12-17T22:19:13.932262+00:00,TAI,Holding,Altcoins,1906.1919,0.02054880060333656,39.169957264795265,0
2025-12-17T22:19:13.932262+00:00,GALA,Holding,Altcoins,20800.1022768,0.006219812241908394,129.3727307741873,0
2025-12-17T22:19:13.932262+00:00,SOL,DeFi,Altcoins,0.0660798,122.67710167306068,8.106478343135514,0
2025-12-17T22:19:13.932262+00:00,DOT,Holding,Altcoins,648.27344032,1.8036877159743565,1169.282840897619,0.9
2025-12-17T22:19:13.932262+00:00,FET,Holding,Altcoins,5918.159502209999,0.20580398131569583,1217.9807876161344,0.88
2025-12-17T22:19:13.932262+00:00,ZIL,Holding,Altcoins,45523.089974,0.004621322553664613,210.37688240934963,0
2025-12-17T22:19:13.932262+00:00,MNT,Holding,Altcoins,0.07529214,1.1953240098881124,0.08999850269785713,0
2025-12-17T22:19:13.932262+00:00,USDC,DeFi,RendaPassiva,4653.6900000000005,1.0000029492302216,4653.70372480319,0
2025-12-17T22:19:13.932262+00:00,ARC,Holding,Altcoins,22048.67,0.03812286404398964,840.5584487607929,0.3
2025-12-17T22:19:13.932262+00:00,USDT,DeFi,RendaPassiva,785.39,0.9997787227771056,785.2162110819108,0
2025-12-17T22:19:13.932262+00:00,SOL,Holding,Altcoins,14.012607079999999,122.67710167306068,1719.02602345781,0.5
2025-12-17T22:19:13.932262+00:00,USDC,DeFi,Caixa,101.25733500000001,1.0000029492302216,101.25763363119255,0
2025-12-17T22:19:13.932262+00:00,TIA,Holding,Altcoins,145.97388,0.4817282635114614,70.31974373043045,0
2025-12-17T22:19:13.932262+00:00,AAVE,DeFi,Altcoins,0.77915,178.4571158792587,139.04486183732442,0
2025-12-17T22:19:13.932262+00:00,LINK,Holding,Altcoins,407.887,12.206751084866651,4978.975079753004,2
2025-12-17T22:19:13.932262+00:00,CKB,Holding,Altcoins,258531.12028953,0.002316919732406322,598.9958540399244,0.4
2025-12-17T22:19:13.932262+00:00,SAND,Holding,Altcoins,846.3602988,0.11461834744007238,97.00841878734187,0
2025-12-17T22:19:13.932262+00:00,ALGO,Holding,Altcoins,6009.82021,0.11161268566910368,670.7721740265566,0.5
2025-12-17T22:19:13.932262+00:00,ARC,DeFi,Altcoins,36.7125,0.03812286404398964,1.3995856462149696,0
2025-12-17T22:19:13.932262+00:00,ONDO,Holding,Altcoins,601.40277023,0.3879589811584355,233.3196060042915,0.3
2025-12-17T22:19:13.932262+00:00,BTC,DeFi,RendaPassiva,0.101325,86113.45145465826,8725.445468643247,0
2025-12-17T22:19:13.932262+00:00,PAAL,Holding,Altcoins,6140.853,0.013321966982174058,81.80824090838452,0.1
2025-12-17T22:19:13.932262+00:00,AAVE,Holding,Altcoins,8.719417,178.4571158792587,1556.0420099685784,1
2025-12-17T22:19:13.932262+00:00,ETH,DeFi,RendaPassiva,1.3587651,2826.7245304437756,3840.8546392808903,0
2025-12-17T22:19:13.932262+00:00,RENDER,Holding,Altcoins,83.01374000000001,1.3021761443574853,108.09851188189475,0
2025-12-17T22:19:13.932262+00:00,ASTR,Holding,Altcoins,55762.82931,0.01019637286646541,568.5785997338261,0.45
2025-12-17T22:19:13.932262+00:00,IMX,Holding,Altcoins,364.43289,0.2324009487490266,84.69454939134964,0.1
2025-12-17T22:19:13.932262+00:00,XRD,Holding,Altcoins,69611.3,0.0015857032696760189,110.38286601639825,0
2025-12-17T22:19:13.932262+00:00,ADA,Holding,Altcoins,3604.23462017,0.3666526387603388,1321.5021341966979,0.5
2025-12-17T22:19:13.932262+00:00,BNB,Holding,Altcoins,0.0726258,839.5022589832673,60.96952316046698,0.03
2025-12-17T22:19:13.932262+00:00,ETH,Holding,Altcoins,5.2558932,2826.7245304437756,14856.962237832633,4
2025-12-17T22:19:13.932262+00:00,POL,Holding,Altcoins,10035.37126,0.10675777955197888,1071.3539526973445,0.5
2025-12-17T22:19:13.932262+00:00,NEAR,Holding,Altcoins,1265.66195157,1.4777077189547991,1870.2784354223843,0.84
2025-12-17T22:19:13.932262+00:00,BTC,DeFi,Base,0.00042193,86113.45145465826,36.33384857226396,0
2025-12-17T22:19:13.932262+00:00,ETH,DeFi,Altcoins,0.11161887000000001,2826.7245304437756,315.51579788941484,0
2025-12-17T22:19:13.932262+00:00,S,Holding,Altcoins,3059.0620288,0.07862400268364185,240.51570116179806,0
2025-12-17T22:19:13.932262+00:00,BTC,Holding,Base,0.9498425699999999,86113.45145465826,81794.22204126285,45
2025-12-17T22:19:13.932262+00:00,PYTH,Holding,Altcoins,878.54025,0.05583388223953072,49.05231286118788,0
2025-12-17T22:19:13.932262+00:00,VIRTUAL,Holding,Altcoins,1575.45986,0.6774211075294554,1067.2497632294007,0.3
2025-12-17T22:19:13.932262+00:00,ATOM,Holding,Altcoins,644.780011,1.9397371575983084,1250.7037458133461,0.9
2025-12-17T22:19:13.932262+00:00,USDT,DeFi,Caixa,2.91,0.9997787227771056,2.909356083281377,0
2025-12-17T22:19:13.932262+00:00,POL,DeFi,Altcoins,428.44,0.10675777955197888,45.73930307124983,0
2025-12-17T22:19:13.932262+00:00,DYDX,Holding,Altcoins,2312.2487602600004,0.1691355899569256,391.083558193745,0
2025-12-17T22:19:13.932262+00:00,USDT,Holding,Caixa,29480.95068966,0.9997787227771056,29474.427226763106,40
2025-12-17T22:19:13.932262+00:00,GRIFFAIN,Holding,Altcoins,31272.051999999996,0.016104114250227446,503.60869824705367,0.3
2025-12-17T22:22:20.710880+00:00,USDT,Holding,Caixa,29480.95068966,0.9996001114498724,29469.161595032332,40
2025-12-17T22:22:20.710880+00:00,ARC,Holding,Altcoins,22048.67,0.03794495335112791,836.6357546044133,0.3
2025-12-17T22:22:20.710880+00:00,DOT,Holding,Altcoins,648.27344032,1.806594141114115,1171.1669991220028,0.9
2025-12-17T22:22:20.710880+00:00,GALA,Holding,Altcoins,20800.1022768,0.0062246700720632086,129.47377413825077,0
2025-12-17T22:22:20.710880+00:00,RAY,DeFi,Altcoins,0.4,0.9137411852573646,0.36549647410294583,0
2025-12-17T22:22:20.710880+00:00,FET,Holding,Altcoins,5918.159502209999,0.2057207001494514,1217.4879163907701,0.88
2025-12-17T22:22:20.710880+00:00,ZIL,Holding,Altcoins,45523.089974,0.0046345383472400125,210.97850616936034,0
2025-12-17T22:22:20.710880+00:00,VIRTUAL,Holding,Altcoins,1575.45986,0.6793907824989702,1070.3529070811182,0.3
2025-12-17T22:22:20.710880+00:00,PYTH,Holding,Altcoins,878.54025,0.055875917884178096,49.0892428669453,0
2025-12-17T22:22:20.710880+00:00,ETH,DeFi,RendaPassiva,1.3587651,2824.06876444323,3837.2460771255824,0
2025-12-17T22:22:20.710880+00:00,USDT,DeFi,RendaPassiva,785.39,0.9996001114498724,785.0759315316155,0
2025-12-17T22:22:20.710880+00:00,AAVE,Holding,Altcoins,8.719417,178.70305141718256,1558.1864244788558,1
2025-12-17T22:22:20.710880+00:00,TAI,Holding,Altcoins,1906.1919,0.02056509735064407,39.20102199250919,0
2025-12-17T22:22:20.710880+00:00,USDC,DeFi,RendaPassiva,4653.6900000000005,1.00002344500689,4653.799105794114,0
2025-12-17T22:22:20.710880+00:00,BTC,DeFi,RendaPassiva,0.101325,86096.29923365156,8723.707519849744,0
2025-12-17T22:22:20.710880+00:00,ARC,DeFi,Altcoins,36.7125,0.03794495335112791,1.3930540999032832,0
2025-12-17T22:22:20.710880+00:00,GRIFFAIN,Holding,Altcoins,31272.051999999996,0.016115411153295782,503.9619755872456,0.3
2025-12-17T22:22:20.710880+00:00,DYDX,Holding,Altcoins,2312.2487602600004,0.16948077430244737,391.8817102687388,0
2025-12-17T22:22:20.710880+00:00,BTC,Holding,Base,0.9498425699999999,86096.29923365156,81777.93013158062,45
2025-12-17T22:22:20.710880+00:00,S,Holding,Altcoins,3059.0620288,0.07874581996739391,240.88834778897555,0
2025-12-17T22:22:20.710880+00:00,ETH,DeFi,Altcoins,0.11161887000000001,2824.06876444323,315.2193642894495,0
2025-12-17T22:22:20.710880+00:00,ATOM,Holding,Altcoins,644.780011,1.9423856192960025,1252.4114209759184,0.9
2025-12-17T22:22:20.710880+00:00,LINK,Holding,Altcoins,407.887,12.225310340544596,4986.545158873713,2
2025-12-17T22:22:20.710880+00:00,MNT,Holding,Altcoins,0.07529214,1.1981952147696804,0.09021468185776883,0
2025-12-17T22:22:20.710880+00:00,SOL,Holding,Altcoins,14.012607079999999,122.7611705443706,1720.204047519135,0.5
2025-12-17T22:22:20.710880+00:00,BTC,DeFi,Base,0.00042193,86096.29923365156,36.3266115356546,0
2025-12-17T22:22:20.710880+00:00,ENA,Holding,Altcoins,1115.11627143,0.20176188539433149,224.9879613576139,0.2
2025-12-17T22:22:20.710880+00:00,LINK,DeFi,Altcoins,0.6786386,12.225310340544596,8.296567494072708,0
2025-12-17T22:22:20.710880+00:00,POL,DeFi,Altcoins,428.44,0.10689591493620738,45.79848579526869,0
2025-12-17T22:22:20.710880+00:00,SOL,DeFi,Altcoins,0.0660798,122.7611705443706,8.1120335973379,0
2025-12-17T22:22:20.710880+00:00,AAVE,DeFi,Altcoins,0.77915,178.70305141718256,139.2364825116978,0
2025-12-17T22:22:20.710880+00:00,PAAL,Holding,Altcoins,6140.853,0.01321672777482597,81.16198240622339,0.1
2025-12-17T22:22:20.710880+00:00,TIA,Holding,Altcoins,145.97388,0.48189654225266665,70.3443080312057,0
2025-12-17T22:22:20.710880+00:00,SAND,Holding,Altcoins,846.3602988,0.114753797700878,97.12305851054985,0
2025-12-17T22:22:20.710880+00:00,XRD,Holding,Altcoins,69611.3,0.0015853584801122514,110.35886476663798,0
2025-12-17T22:22:20.710880+00:00,USDC,DeFi,Caixa,101.25733500000001,1.00002344500689,101.25970897891675,0
2025-12-17T22:22:20.710880+00:00,PENDLE,DeFi,Altcoins,73.53921,1.8185799969924856,133.73693630062976,0
2025-12-17T22:22:20.710880+00:00,IMX,Holding,Altcoins,364.43289,0.23280013279943448,84.84002518848169,0.1
2025-12-17T22:22:20.710880+00:00,RENDER,Holding,Altcoins,83.01374000000001,1.3045307770265069,108.29397874607642,0
2025-12-17T22:22:20.710880+00:00,ASTR,Holding,Altcoins,55762.82931,0.01020602658640033,569.1169184707635,0.45
2025-12-17T22:22:20.710880+00:00,USDT,DeFi,Caixa,2.91,0.9996001114498724,2.908836324319129,0
2025-12-17T22:22:20.710880+00:00,ALGO,Holding,Altcoins,6009.82021,0.11164576797503874,670.9709927373585,0.5
2025-12-17T22:22:20.710880+00:00,NEAR,Holding,Altcoins,1265.66195157,1.4789548086293285,1871.8568293736316,0.84
2025-12-17T22:22:20.710880+00:00,POL,Holding,Altcoins,10035.37126,0.10689591493620738,1072.7401925622203,0.5
2025-12-17T22:22:20.710880+00:00,ONDO,Holding,Altcoins,601.40277023,0.3887804754640348,233.8136549554071,0.3
2025-12-17T22:22:20.710880+00:00,ETH,Holding,Altcoins,5.2558932,2824.06876444323,14843.003815369573,4
2025-12-17T22:22:20.710880+00:00,ADA,Holding,Altcoins,3604.23462017,0.366999472980792,1322.7522061015152,0.5
2025-12-17T22:22:20.710880+00:00,CKB,Holding,Altcoins,258531.12028953,0.002320545693981818,599.9332779481642,0.4
2025-12-17T22:22:20.710880+00:00,BNB,Holding,Altcoins,0.0726258,839.761205183657,60.98832933542724,0.03
2025-12-17T22:22:39.839110+00:00,NEAR,Holding,Altcoins,1265.66195157,1.4789548086293285,1871.8568293736316,0.84
2025-12-17T22:22:39.839110+00:00,ATOM,Holding,Altcoins,644.780011,1.9423856192960025,1252.4114209759184,0.9
2025-12-17T22:22:39.839110+00:00,GRIFFAIN,Holding,Altcoins,31272.051999999996,0.016115411153295782,503.9619755872456,0.3
2025-12-17T22:22:39.839110+00:00,ADA,Holding,Altcoins,3604.23462017,0.366999472980792,1322.7522061015152,0.5
2025-12-17T22:22:39.839110+00:00,FET,Holding,Altcoins,5918.159502209999,0.2057207001494514,1217.4879163907701,0.88
2025-12-17T22:22:39.839110+00:00,LINK,Holding,Altcoins,407.887,12.225310340544596,4986.545158873713,2
2025-12-17T22:22:39.839110+00:00,PYTH,Holding,Altcoins,878.54025,0.055875917884178096,49.0892428669453,0
2025-12-17T22:22:39.839110+00:00,USDC,DeFi,RendaPassiva,4653.6900000000005,1.00002344500689,4653.799105794114,0
2025-12-17T22:22:39.839110+00:00,ETH,DeFi,Altcoins,0.11161887000000001,2824.06876444323,315.2193642894495,0
2025-12-17T22:22:39.839110+00:00,RENDER,Holding,Altcoins,83.01374000000001,1.3045307770265069,108.29397874607642,0
2025-12-17T22:22:39.839110+00:00,USDT,DeFi,Caixa,2.91,0.9996001114498724,2.908836324319129,0
2025-12-17T22:22:39.839110+00:00,TAI,Holding,Altcoins,1906.1919,0.02056509735064407,39.20102199250919,0
2025-12-17T22:22:39.839110+00:00,ENA,Holding,Altcoins,1115.11627143,0.20176188539433149,224.9879613576139,0.2
2025-12-17T22:22:39.839110+00:00,ALGO,Holding,Altcoins,6009.82021,0.11164576797503874,670.9709927373585,0.5
2025-12-17T22:22:39.839110+00:00,GALA,Holding,Altcoins,20800.1022768,0.0062246700720632086,129.47377413825077,0
2025-12-17T22:22:39.839110+00:00,SAND,Holding,Altcoins,846.3602988,0.114753797700878,97.12305851054985,0
2025-12-17T22:22:39.839110+00:00,USDT,Holding,Caixa,29480.95068966,0.9996001114498724,29469.161595032332,40
2025-12-17T22:22:39.839110+00:00,DYDX,Holding,Altcoins,2312.2487602600004,0.16948077430244737,391.8817102687388,0
2025-12-17T22:22:39.839110+00:00,BNB,Holding,Altcoins,0.0726258,839.761205183657,60.98832933542724,0.03
2025-12-17T22:22:39.839110+00:00,ONDO,Holding,Altcoins,601.40277023,0.3887804754640348,233.8136549554071,0.3
2025-12-17T22:22:39.839110+00:00,POL,DeFi,Altcoins,428.44,0.10689591493620738,45.79848579526869,0
2025-12-17T22:22:39.839110+00:00,ETH,DeFi,RendaPassiva,1.3587651,2824.06876444323,3837.2460771255824,0
2025-12-17T22:22:39.839110+00:00,AAVE,DeFi,Altcoins,0.77915,178.70305141718256,139.2364825116978,0
2025-12-17T22:22:39.839110+00:00,BTC,DeFi,RendaPassiva,0.101325,86096.29923365156,8723.707519849744,0
2025-12-17T22:22:39.839110+00:00,PENDLE,DeFi,Altcoins,73.53921,1.8185799969924856,133.73693630062976,0
2025-12-17T22:22:39.839110+00:00,SOL,Holding,Altcoins,14.012607079999999,122.7611705443706,1720.204047519135,0.5
2025-12-17T22:22:39.839110+00:00,VIRTUAL,Holding,Altcoins,1575.45986,0.6793907824989702,1070.3529070811182,0.3
2025-12-17T22:22:39.839110+00:00,AAVE,Holding,Altcoins,8.719417,178.70305141718256,1558.1864244788558,1
2025-12-17T22:22:39.839110+00:00,IMX,Holding,Altcoins,364.43289,0.23280013279943448,84.84002518848169,0.1
2025-12-17T22:22:39.839110+00:00,USDT,DeFi,RendaPassiva,785.39,0.9996001114498724,785.0759315316155,0
2025-12-17T22:22:39.839110+00:00,ARC,DeFi,Altcoins,36.7125,0.03794495335112791,1.3930540999032832,0
2025-12-17T22:22:39.839110+00:00,BTC,DeFi,Base,0.00042193,86096.29923365156,36.3266115356546,0
2025-12-17T22:22:39.839110+00:00,USDC,DeFi,Caixa,101.25733500000001,1.00002344500689,101.25970897891675,0
2025-12-17T22:22:39.839110+00:00,LINK,DeFi,Altcoins,0.6786386,12.225310340544596,8.296567494072708,0
2025-12-17T22:22:39.839110+00:00,DOT,Holding,Altcoins,648.27344032,1.806594141114115,1171.1669991220028,0.9
2025-12-17T22:22:39.839110+00:00,ASTR,Holding,Altcoins,55762.82931,0.01020602658640033,569.1169184707635,0.45
2025-12-17T22:22:39.839110+00:00,ZIL,Holding,Altcoins,45523.089974,0.0046345383472400125,210.97850616936034,0
2025-12-17T22:22:39.839110+00:00,S,Holding,Altcoins,3059.0620288,0.07874581996739391,240.88834778897555,0
2025-12-17T22:22:39.839110+00:00,ARC,Holding,Altcoins,22048.67,0.03794495335112791,836.6357546044133,0.3
2025-12-17T22:22:39.839110+00:00,BTC,Holding,Base,0.9498425699999999,86096.29923365156,81777.93013158062,45
2025-12-17T22:22:39.839110+00:00,CKB,Holding,Altcoins,258531.12028953,0.002320545693981818,599.9332779481642,0.4
2025-12-17T22:22:39.839110+00:00,RAY,DeFi,Altcoins,0.4,0.9137411852573646,0.36549647410294583,0
2025-12-17T22:22:39.839110+00:00,TIA,Holding,Altcoins,145.97388,0.48189654225266665,70.3443080312057,0
2025-12-17T22:22:39.839110+00:00,SOL,DeFi,Altcoins,0.0660798,122.7611705443706,8.1120335973379,0
2025-12-17T22:22:39.839110+00:00,PAAL,Holding,Altcoins,6140.853,0.01321672777482597,81.16198240622339,0.1
2025-12-17T22:22:39.839110+00:00,XRD,Holding,Altcoins,69611.3,0.0015853584801122514,110.35886476663798,0
2025-12-17T22:22:39.839110+00:00,ETH,Holding,Altcoins,5.2558932,2824.06876444323,14843.003815369573,4
2025-12-17T22:22:39.839110+00:00,POL,Holding,Altcoins,10035.37126,0.10689591493620738,1072.7401925622203,0.5
2025-12-17T22:22:39.839110+00:00,MNT,Holding,Altcoins,0.07529214,1.1981952147696804,0.09021468185776883,0
2025-12-17T22:44:34.053519+00:00,PENDLE,DeFi,Altcoins,73.53921,1.8229595397849263,134.05900441774705,0
2025-12-17T22:44:34.053519+00:00,USDC,DeFi,Caixa,101.25733500000001,0.9998149239273912,101.23859469011538,0
2025-12-17T22:44:34.053519+00:00,NEAR,Holding,Altcoins,1265.66195157,1.485268848770898,1879.848269741502,0.84
2025-12-17T22:44:34.053519+00:00,BNB,Holding,Altcoins,0.0726258,840.7445016727531,61.05974202958504,0.03
2025-12-17T22:44:34.053519+00:00,DOT,Holding,Altcoins,648.27344032,1.8121579405115869,1174.7738624986523,0.9
2025-12-17T22:44:34.053519+00:00,SOL,DeFi,Altcoins,0.0660798,122.87807152861927,8.119758390996855,0
2025-12-17T22:44:34.053519+00:00,S,Holding,Altcoins,3059.0620288,0.07893596141213564,241.47000226268617,0
2025-12-17T22:44:34.053519+00:00,TIA,Holding,Altcoins,145.97388,0.4815479875930279,70.29342815514615,0
2025-12-17T22:44:34.053519+00:00,ADA,Holding,Altcoins,3604.23462017,0.3671829279674554,1323.41342091569,0.5
2025-12-17T22:44:34.053519+00:00,LINK,Holding,Altcoins,407.887,12.244166076430153,4994.236168416865,2
2025-12-17T22:44:34.053519+00:00,ALGO,Holding,Altcoins,6009.82021,0.11167182104602176,671.1275670098848,0.5
2025-12-17T22:44:34.053519+00:00,ARC,Holding,Altcoins,22048.67,0.03681865633925344,811.8024034676072,0.3
2025-12-17T22:44:34.053519+00:00,RENDER,Holding,Altcoins,83.01374000000001,1.304200658166958,108.26657434490073,0
2025-12-17T22:44:34.053519+00:00,PYTH,Holding,Altcoins,878.54025,0.05596078606553588,49.16380298021241,0
2025-12-17T22:44:34.053519+00:00,USDT,DeFi,RendaPassiva,785.39,0.9998392245167468,785.2637285432071,0
2025-12-17T22:44:34.053519+00:00,RAY,DeFi,Altcoins,0.4,0.91742527425278,0.366970109701112,0
2025-12-17T22:44:34.053519+00:00,ONDO,Holding,Altcoins,601.40277023,0.38895929838468174,233.92119955526476,0.3
2025-12-17T22:44:34.053519+00:00,BTC,DeFi,RendaPassiva,0.101325,86160.6806500745,8730.2309668688,0
2025-12-17T22:44:34.053519+00:00,AAVE,DeFi,Altcoins,0.77915,179.49530232809204,139.8537648089329,0
2025-12-17T22:44:34.053519+00:00,VIRTUAL,Holding,Altcoins,1575.45986,0.6831749466759759,1076.3147058456404,0.3
2025-12-17T22:44:34.053519+00:00,FET,Holding,Altcoins,5918.159502209999,0.205363836136694,1215.375938242673,0.88
2025-12-17T22:44:34.053519+00:00,POL,Holding,Altcoins,10035.37126,0.10679540227353096,1071.7315106759313,0.5
2025-12-17T22:44:34.053519+00:00,ETH,DeFi,Altcoins,0.11161887000000001,2828.224758085518,315.68325160352884,0
2025-12-17T22:44:34.053519+00:00,GRIFFAIN,Holding,Altcoins,31272.051999999996,0.0161469492905906,504.94823785671235,0.3
2025-12-17T22:44:34.053519+00:00,GALA,Holding,Altcoins,20800.1022768,0.006229311200181936,129.57031007780003,0
2025-12-17T22:44:34.053519+00:00,USDT,Holding,Caixa,29480.95068966,0.9998392245167468,29476.21087556611,40
2025-12-17T22:44:34.053519+00:00,DYDX,Holding,Altcoins,2312.2487602600004,0.1694580096389998,391.8290727039044,0
2025-12-17T22:44:34.053519+00:00,TAI,Holding,Altcoins,1906.1919,0.020664649122457503,39.3907867735706,0
2025-12-17T22:44:34.053519+00:00,USDC,DeFi,RendaPassiva,4653.6900000000005,0.9998149239273912,4652.828713331662,0
2025-12-17T22:44:34.053519+00:00,ZIL,Holding,Altcoins,45523.089974,0.004633627469122031,210.93704018284012,0
2025-12-17T22:44:34.053519+00:00,AAVE,Holding,Altcoins,8.719417,179.49530232809204,1565.0943905397053,1
2025-12-17T22:44:34.053519+00:00,ATOM,Holding,Altcoins,644.780011,1.941113167012951,1251.5909691788554,0.9
2025-12-17T22:44:34.053519+00:00,IMX,Holding,Altcoins,364.43289,0.2334182124202647,85.06527373095095,0.1
2025-12-17T22:44:34.053519+00:00,POL,DeFi,Altcoins,428.44,0.10679540227353096,45.7554221500716,0
2025-12-17T22:44:34.053519+00:00,BTC,DeFi,Base,0.00042193,86160.6806500745,36.35377598668593,0
2025-12-17T22:44:34.053519+00:00,ETH,DeFi,RendaPassiva,1.3587651,2828.224758085518,3842.8930962425447,0
2025-12-17T22:44:34.053519+00:00,BTC,Holding,Base,0.9498425699999999,86160.6806500745,81839.08234161603,45
2025-12-17T22:44:34.053519+00:00,SOL,Holding,Altcoins,14.012607079999999,122.87807152861927,1721.8421350786766,0.5
2025-12-17T22:44:34.053519+00:00,CKB,Holding,Altcoins,258531.12028953,0.0023308487737911826,602.5969447137117,0.4
2025-12-17T22:44:34.053519+00:00,XRD,Holding,Altcoins,69611.3,0.001589674215730396,110.65928873347332,0
2025-12-17T22:44:34.053519+00:00,ENA,Holding,Altcoins,1115.11627143,0.20189674999383464,225.13835106695976,0.2
2025-12-17T22:44:34.053519+00:00,ETH,Holding,Altcoins,5.2558932,2828.224758085518,14864.847274093318,4
2025-12-17T22:44:34.053519+00:00,USDT,DeFi,Caixa,2.91,0.9998392245167468,2.9095321433437333,0
2025-12-17T22:44:34.053519+00:00,LINK,DeFi,Altcoins,0.6786386,12.244166076430153,8.309363724276052,0
2025-12-17T22:44:34.053519+00:00,SAND,Holding,Altcoins,846.3602988,0.115075156732883,97.39504403689969,0
2025-12-17T22:44:34.053519+00:00,ARC,DeFi,Altcoins,36.7125,0.03681865633925344,1.351704920854842,0
2025-12-17T22:44:34.053519+00:00,ASTR,Holding,Altcoins,55762.82931,0.010206296088953154,569.1319466956153,0.45
2025-12-17T22:45:58.718432+00:00,CKB,Holding,Altcoins,258531.12028953,0.0023304675359507488,602.4983828677276,0.4
2025-12-17T22:45:58.718432+00:00,ADA,Holding,Altcoins,3604.23462017,0.3670428845639695,1322.9086716325196,0.5
2025-12-17T22:45:58.718432+00:00,USDT,Holding,Caixa,29480.95068966,0.9996884567717156,29471.766099109245,40
2025-12-17T22:45:58.718432+00:00,ETH,DeFi,Altcoins,0.11161887000000001,2827.0265651475133,315.5495106617468,0
2025-12-17T22:45:58.718432+00:00,SOL,DeFi,Altcoins,0.0660798,122.920843458115,8.122584751543547,0
2025-12-17T22:45:58.718432+00:00,LINK,Holding,Altcoins,407.887,12.240478331298084,4992.731985118181,2
2025-12-17T22:45:58.718432+00:00,GALA,Holding,Altcoins,20800.1022768,0.006230025305800796,129.58516354770876,0
2025-12-17T22:45:58.718432+00:00,LINK,DeFi,Altcoins,0.6786386,12.240478331298084,8.306861078082468,0
2025-12-17T22:45:58.718432+00:00,ONDO,Holding,Altcoins,601.40277023,0.3890251833512421,233.96082295667065,0.3
2025-12-17T22:45:58.718432+00:00,ARC,DeFi,Altcoins,36.7125,0.03726403869412996,1.3680560205582462,0
2025-12-17T22:45:58.718432+00:00,IMX,Holding,Altcoins,364.43289,0.233386567587694,85.05374131316364,0.1
2025-12-17T22:45:58.718432+00:00,ARC,Holding,Altcoins,22048.67,0.03726403869412996,821.6224920341024,0.3
2025-12-17T22:45:58.718432+00:00,SOL,Holding,Altcoins,14.012607079999999,122.920843458115,1722.441481320754,0.5
2025-12-17T22:45:58.718432+00:00,FET,Holding,Altcoins,5918.159502209999,0.20537290916420292,1215.4296338666388,0.88
2025-12-17T22:45:58.718432+00:00,VIRTUAL,Holding,Altcoins,1575.45986,0.6825900619093668,1075.3932433731225,0.3
2025-12-17T22:45:58.718432+00:00,ASTR,Holding,Altcoins,55762.82931,0.010204470768153447,569.0301616434252,0.45
2025-12-17T22:45:58.718432+00:00,ETH,Holding,Altcoins,5.2558932,2827.0265651475133,14858.549699978172,4
2025-12-17T22:45:58.718432+00:00,AAVE,Holding,Altcoins,8.719417,179.3953009826867,1564.2224371085551,1
2025-12-17T22:45:58.718432+00:00,BTC,Holding,Base,0.9498425699999999,86132.60464030992,81812.41455234589,45
2025-12-17T22:45:58.718432+00:00,MNT,Holding,Altcoins,0.07529214,1.201358896702094,0.0904528822407396,0
2025-12-17T22:45:58.718432+00:00,TIA,Holding,Altcoins,145.97388,0.48178378656150095,70.32784864547416,0
2025-12-17T22:45:58.718432+00:00,BTC,DeFi,Base,0.00042193,86132.60464030992,36.34192987588596,0
2025-12-17T22:45:58.718432+00:00,PYTH,Holding,Altcoins,878.54025,0.05597879159387328,49.17962156157933,0
2025-12-17T22:45:58.718432+00:00,USDC,DeFi,Caixa,101.25733500000001,0.9997098802251406,101.22795824476695,0
2025-12-17T22:45:58.718432+00:00,POL,DeFi,Altcoins,428.44,0.10679108509207684,45.7535724968494,0
2025-12-17T22:45:58.718432+00:00,GRIFFAIN,Holding,Altcoins,31272.051999999996,0.016146555718465374,504.9359300487465,0.3
2025-12-17T22:45:58.718432+00:00,SAND,Holding,Altcoins,846.3602988,0.11505058531513294,97.3742477644308,0
2025-12-17T22:45:58.718432+00:00,ETH,DeFi,RendaPassiva,1.3587651,2827.0265651475133,3841.2650334953178,0
2025-12-17T22:45:58.718432+00:00,S,Holding,Altcoins,3059.0620288,0.07895053783391326,241.51459244106184,0
2025-12-17T22:45:58.718432+00:00,NEAR,Holding,Altcoins,1265.66195157,1.485378314033334,1879.986815759186,0.84
2025-12-17T22:45:58.718432+00:00,ZIL,Holding,Altcoins,45523.089974,0.0046343732591678285,210.9709908501967,0
2025-12-17T22:45:58.718432+00:00,DOT,Holding,Altcoins,648.27344032,1.811553118860208,1174.381772685933,0.9
2025-12-17T22:45:58.718432+00:00,RAY,DeFi,Altcoins,0.4,0.9176460346297076,0.3670584138518831,0
2025-12-17T22:45:58.718432+00:00,RENDER,Holding,Altcoins,83.01374000000001,1.3037157453172286,108.22631991567064,0
2025-12-17T22:45:58.718432+00:00,USDT,DeFi,RendaPassiva,785.39,0.9996884567717156,785.1453170639378,0
2025-12-17T22:45:58.718432+00:00,ALGO,Holding,Altcoins,6009.82021,0.11167503373105538,671.1468746693283,0.5
2025-12-17T22:45:58.718432+00:00,DYDX,Holding,Altcoins,2312.2487602600004,0.16934737004555642,391.5732464411293,0
2025-12-17T22:45:58.718432+00:00,POL,Holding,Altcoins,10035.37126,0.10679108509207684,1071.6881861572424,0.5
2025-12-17T22:45:58.718432+00:00,AAVE,DeFi,Altcoins,0.77915,179.3953009826867,139.77584876066035,0
2025-12-17T22:45:58.718432+00:00,XRD,Holding,Altcoins,69611.3,0.0015895844051200976,110.65303690013666,0
2025-12-17T22:45:58.718432+00:00,BNB,Holding,Altcoins,0.0726258,840.9123047990221,61.07192886587282,0.03
2025-12-17T22:45:58.718432+00:00,TAI,Holding,Altcoins,1906.1919,0.020693066354688445,39.44495547146964,0
2025-12-17T22:45:58.718432+00:00,ENA,Holding,Altcoins,1115.11627143,0.2020176544955951,225.273173644162,0.2
2025-12-17T22:45:58.718432+00:00,USDC,DeFi,RendaPassiva,4653.6900000000005,0.9997098802251406,4652.339872504935,0
2025-12-17T22:45:58.718432+00:00,BTC,DeFi,RendaPassiva,0.101325,86132.60464030992,8727.386165179403,0
2025-12-17T22:45:58.718432+00:00,PAAL,Holding,Altcoins,6140.853,0.01299724355713767,79.81416208957953,0.1
2025-12-17T22:45:58.718432+00:00,USDT,DeFi,Caixa,2.91,0.9996884567717156,2.9090934092056924,0
2025-12-17T22:45:58.718432+00:00,PENDLE,DeFi,Altcoins,73.53921,1.8219239851499935,133.98285054798225,0
2025-12-17T22:45:58.718432+00:00,ATOM,Holding,Altcoins,644.780011,1.9408889707193624,1251.4464118902092,0.9
2025-12-17T22:46:03.953335+00:00,BTC,Holding,Base,0.9498425699999999,86132.60464030992,81812.41455234589,45
2025-12-17T22:46:03.953335+00:00,DOT,Holding,Altcoins,648.27344032,1.811553118860208,1174.381772685933,0.9
2025-12-17T22:46:03.953335+00:00,IMX,Holding,Altcoins,364.43289,0.233386567587694,85.05374131316364,0.1
2025-12-17T22:46:03.953335+00:00,ADA,Holding,Altcoins,3604.23462017,0.3670428845639695,1322.9086716325196,0.5
2025-12-17T22:46:03.953335+00:00,ARC,Holding,Altcoins,22048.67,0.03726403869412996,821.6224920341024,0.3
2025-12-17T22:46:03.953335+00:00,USDC,DeFi,Caixa,101.25733500000001,0.9997098802251406,101.22795824476695,0
2025-12-17T22:46:03.953335+00:00,ONDO,Holding,Altcoins,601.40277023,0.3890251833512421,233.96082295667065,0.3
2025-12-17T22:46:03.953335+00:00,DYDX,Holding,Altcoins,2312.2487602600004,0.16934737004555642,391.5732464411293,0
2025-12-17T22:46:03.953335+00:00,SOL,Holding,Altcoins,14.012607079999999,122.920843458115,1722.441481320754,0.5
2025-12-17T22:46:03.953335+00:00,S,Holding,Altcoins,3059.0620288,0.07895053783391326,241.51459244106184,0
2025-12-17T22:46:03.953335+00:00,AAVE,Holding,Altcoins,8.719417,179.3953009826867,1564.2224371085551,1
2025-12-17T22:46:03.953335+00:00,ETH,Holding,Altcoins,5.2558932,2827.0265651475133,14858.549699978172,4
2025-12-17T22:46:03.953335+00:00,SOL,DeFi,Altcoins,0.0660798,122.920843458115,8.122584751543547,0
2025-12-17T22:46:03.953335+00:00,RENDER,Holding,Altcoins,83.01374000000001,1.3037157453172286,108.22631991567064,0
2025-12-17T22:46:03.953335+00:00,POL,DeFi,Altcoins,428.44,0.10679108509207684,45.7535724968494,0
2025-12-17T22:46:03.953335+00:00,USDT,DeFi,Caixa,2.91,0.9996884567717156,2.9090934092056924,0
2025-12-17T22:46:03.953335+00:00,RAY,DeFi,Altcoins,0.4,0.9176460346297076,0.3670584138518831,0
2025-12-17T22:46:03.953335+00:00,NEAR,Holding,Altcoins,1265.66195157,1.485378314033334,1879.986815759186,0.84
2025-12-17T22:46:03.953335+00:00,BNB,Holding,Altcoins,0.0726258,840.9123047990221,61.07192886587282,0.03
2025-12-17T22:46:03.953335+00:00,TAI,Holding,Altcoins,1906.1919,0.020693066354688445,39.44495547146964,0
2025-12-17T22:46:03.953335+00:00,VIRTUAL,Holding,Altcoins,1575.45986,0.6825900619093668,1075.3932433731225,0.3
2025-12-17T22:46:03.953335+00:00,LINK,Holding,Altcoins,407.887,12.240478331298084,4992.731985118181,2
2025-12-17T22:46:03.953335+00:00,ENA,Holding,Altcoins,1115.11627143,0.2020176544955951,225.273173644162,0.2
2025-12-17T22:46:03.953335+00:00,USDT,Holding,Caixa,29480.95068966,0.9996884567717156,29471.766099109245,40
2025-12-17T22:46:03.953335+00:00,ETH,DeFi,RendaPassiva,1.3587651,2827.0265651475133,3841.2650334953178,0
2025-12-17T22:46:03.953335+00:00,USDC,DeFi,RendaPassiva,4653.6900000000005,0.9997098802251406,4652.339872504935,0
2025-12-17T22:46:03.953335+00:00,LINK,DeFi,Altcoins,0.6786386,12.240478331298084,8.306861078082468,0
2025-12-17T22:46:03.953335+00:00,ASTR,Holding,Altcoins,55762.82931,0.010204470768153447,569.0301616434252,0.45
2025-12-17T22:46:03.953335+00:00,GRIFFAIN,Holding,Altcoins,31272.051999999996,0.016146555718465374,504.9359300487465,0.3
2025-12-17T22:46:03.953335+00:00,PENDLE,DeFi,Altcoins,73.53921,1.8219239851499935,133.98285054798225,0
2025-12-17T22:46:03.953335+00:00,CKB,Holding,Altcoins,258531.12028953,0.0023304675359507488,602.4983828677276,0.4
2025-12-17T22:46:03.953335+00:00,BTC,DeFi,Base,0.00042193,86132.60464030992,36.34192987588596,0
2025-12-17T22:46:03.953335+00:00,TIA,Holding,Altcoins,145.97388,0.48178378656150095,70.32784864547416,0
2025-12-17T22:46:03.953335+00:00,ARC,DeFi,Altcoins,36.7125,0.03726403869412996,1.3680560205582462,0
2025-12-17T22:46:03.953335+00:00,GALA,Holding,Altcoins,20800.1022768,0.006230025305800796,129.58516354770876,0
2025-12-17T22:46:03.953335+00:00,SAND,Holding,Altcoins,846.3602988,0.11505058531513294,97.3742477644308,0
2025-12-17T22:46:03.953335+00:00,POL,Holding,Altcoins,10035.37126,0.10679108509207684,1071.6881861572424,0.5
2025-12-17T22:46:03.953335+00:00,FET,Holding,Altcoins,5918.159502209999,0.20537290916420292,1215.4296338666388,0.88
2025-12-17T22:46:03.953335+00:00,MNT,Holding,Altcoins,0.07529214,1.201358896702094,0.0904528822407396,0
2025-12-17T22:46:03.953335+00:00,ALGO,Holding,Altcoins,6009.82021,0.11167503373105538,671.1468746693283,0.5
2025-12-17T22:46:03.953335+00:00,PAAL,Holding,Altcoins,6140.853,0.01299724355713767,79.81416208957953,0.1
2025-12-17T22:46:03.953335+00:00,PYTH,Holding,Altcoins,878.54025,0.05597879159387328,49.17962156157933,0
2025-12-17T22:46:03.953335+00:00,BTC,DeFi,RendaPassiva,0.101325,86132.60464030992,8727.386165179403,0
2025-12-17T22:46:03.953335+00:00,USDT,DeFi,RendaPassiva,785.39,0.9996884567717156,785.1453170639378,0
2025-12-17T22:46:03.953335+00:00,XRD,Holding,Altcoins,69611.3,0.0015895844051200976,110.65303690013666,0
2025-12-17T22:46:03.953335+00:00,ATOM,Holding,Altcoins,644.780011,1.9408889707193624,1251.4464118902092,0.9
2025-12-17T22:46:03.953335+00:00,AAVE,DeFi,Altcoins,0.77915,179.3953009826867,139.77584876066035,0
2025-12-17T22:46:03.953335+00:00,ETH,DeFi,Altcoins,0.11161887000000001,2827.0265651475133,315.5495106617468,0
2025-12-17T22:46:03.953335+00:00,ZIL,Holding,Altcoins,45523.089974,0.0046343732591678285,210.9709908501967,0
2025-12-17T22:46:29.363080+00:00,AAVE,DeFi,Altcoins,0.77915,179.3953009826867,139.77584876066035,0
2025-12-17T22:46:29.363080+00:00,XRD,Holding,Altcoins,69611.3,0.0015895844051200976,110.65303690013666,0
2025-12-17T22:46:29.363080+00:00,RENDER,Holding,Altcoins,83.01374000000001,1.3037157453172286,108.22631991567064,0
2025-12-17T22:46:29.363080+00:00,PAAL,Holding,Altcoins,6140.853,0.01299724355713767,79.81416208957953,0.1
2025-12-17T22:46:29.363080+00:00,BNB,Holding,Altcoins,0.0726258,840.9123047990221,61.07192886587282,0.03
2025-12-17T22:46:29.363080+00:00,LINK,DeFi,Altcoins,0.6786386,12.240478331298084,8.306861078082468,0
2025-12-17T22:46:29.363080+00:00,LINK,Holding,Altcoins,407.887,12.240478331298084,4992.731985118181,2
2025-12-17T22:46:29.363080+00:00,ZIL,Holding,Altcoins,45523.089974,0.0046343732591678285,210.9709908501967,0
2025-12-17T22:46:29.363080+00:00,BTC,DeFi,Base,0.00042193,86132.60464030992,36.34192987588596,0
2025-12-17T22:46:29.363080+00:00,PENDLE,DeFi,Altcoins,73.53921,1.8219239851499935,133.98285054798225,0
2025-12-17T22:46:29.363080+00:00,DOT,Holding,Altcoins,648.27344032,1.811553118860208,1174.381772685933,0.9
2025-12-17T22:46:29.363080+00:00,POL,Holding,Altcoins,10035.37126,0.10679108509207684,1071.6881861572424,0.5
2025-12-17T22:46:29.363080+00:00,ARC,Holding,Altcoins,22048.67,0.03726403869412996,821.6224920341024,0.3
2025-12-17T22:46:29.363080+00:00,FET,Holding,Altcoins,5918.159502209999,0.20537290916420292,1215.4296338666388,0.88
2025-12-17T22:46:29.363080+00:00,USDC,DeFi,RendaPassiva,4653.6900000000005,0.9997098802251406,4652.339872504935,0
2025-12-17T22:46:29.363080+00:00,TIA,Holding,Altcoins,145.97388,0.48178378656150095,70.32784864547416,0
2025-12-17T22:46:29.363080+00:00,ARC,DeFi,Altcoins,36.7125,0.03726403869412996,1.3680560205582462,0
2025-12-17T22:46:29.363080+00:00,CKB,Holding,Altcoins,258531.12028953,0.0023304675359507488,602.4983828677276,0.4
2025-12-17T22:46:29.363080+00:00,DYDX,Holding,Altcoins,2312.2487602600004,0.16934737004555642,391.5732464411293,0
2025-12-17T22:46:29.363080+00:00,GRIFFAIN,Holding,Altcoins,31272.051999999996,0.016146555718465374,504.9359300487465,0.3
2025-12-17T22:46:29.363080+00:00,TAI,Holding,Altcoins,1906.1919,0.020693066354688445,39.44495547146964,0
2025-12-17T22:46:29.363080+00:00,SAND,Holding,Altcoins,846.3602988,0.11505058531513294,97.3742477644308,0
2025-12-17T22:46:29.363080+00:00,ETH,DeFi,RendaPassiva,1.3587651,2827.0265651475133,3841.2650334953178,0
2025-12-17T22:46:29.363080+00:00,USDT,DeFi,RendaPassiva,785.39,0.9996884567717156,785.1453170639378,0
2025-12-17T22:46:29.363080+00:00,RAY,DeFi,Altcoins,0.4,0.9176460346297076,0.3670584138518831,0
2025-12-17T22:46:29.363080+00:00,ENA,Holding,Altcoins,1115.11627143,0.2020176544955951,225.273173644162,0.2
2025-12-17T22:46:29.363080+00:00,S,Holding,Altcoins,3059.0620288,0.07895053783391326,241.51459244106184,0
2025-12-17T22:46:29.363080+00:00,BTC,Holding,Base,0.9498425699999999,86132.60464030992,81812.41455234589,45
2025-12-17T22:46:29.363080+00:00,ADA,Holding,Altcoins,3604.23462017,0.3670428845639695,1322.9086716325196,0.5
2025-12-17T22:46:29.363080+00:00,AAVE,Holding,Altcoins,8.719417,179.3953009826867,1564.2224371085551,1
2025-12-17T22:46:29.363080+00:00,IMX,Holding,Altcoins,364.43289,0.233386567587694,85.05374131316364,0.1
2025-12-17T22:46:29.363080+00:00,GALA,Holding,Altcoins,20800.1022768,0.006230025305800796,129.58516354770876,0
2025-12-17T22:46:29.363080+00:00,USDC,DeFi,Caixa,101.25733500000001,0.9997098802251406,101.22795824476695,0
2025-12-17T22:46:29.363080+00:00,POL,DeFi,Altcoins,428.44,0.10679108509207684,45.7535724968494,0
2025-12-17T22:46:29.363080+00:00,ETH,Holding,Altcoins,5.2558932,2827.0265651475133,14858.549699978172,4
2025-12-17T22:46:29.363080+00:00,ATOM,Holding,Altcoins,644.780011,1.9408889707193624,1251.4464118902092,0.9
2025-12-17T22:46:29.363080+00:00,USDT,DeFi,Caixa,2.91,0.9996884567717156,2.9090934092056924,0
2025-12-17T22:46:29.363080+00:00,NEAR,Holding,Altcoins,1265.66195157,1.485378314033334,1879.986815759186,0.84
2025-12-17T22:46:29.363080+00:00,ONDO,Holding,Altcoins,601.40277023,0.3890251833512421,233.96082295667065,0.3
2025-12-17T22:46:29.363080+00:00,MNT,Holding,Altcoins,0.07529214,1.201358896702094,0.0904528822407396,0
2025-12-17T22:46:29.363080+00:00,ASTR,Holding,Altcoins,55762.82931,0.010204470768153447,569.0301616434252,0.45
2025-12-17T22:46:29.363080+00:00,USDT,Holding,Caixa,29480.95068966,0.9996884567717156,29471.766099109245,40
2025-12-17T22:46:29.363080+00:00,VIRTUAL,Holding,Altcoins,1575.45986,0.6825900619093668,1075.3932433731225,0.3
2025-12-17T22:46:29.363080+00:00,SOL,Holding,Altcoins,14.012607079999999,122.920843458115,1722.441481320754,0.5
2025-12-17T22:46:29.363080+00:00,BTC,DeFi,RendaPassiva,0.101325,86132.60464030992,8727.386165179403,0
2025-12-17T22:46:29.363080+00:00,SOL,DeFi,Altcoins,0.0660798,122.920843458115,8.122584751543547,0
2025-12-17T22:46:29.363080+00:00,PYTH,Holding,Altcoins,878.54025,0.05597879159387328,49.17962156157933,0
2025-12-17T22:46:29.363080+00:00,ALGO,Holding,Altcoins,6009.82021,0.11167503373105538,671.1468746693283,0.5
2025-12-17T22:46:29.363080+00:00,ETH,DeFi,Altcoins,0.11161887000000001,2827.0265651475133,315.5495106617468,0
2025-12-17T22:47:33.666107+00:00,USDT,DeFi,Caixa,2.91,0.9997343889802044,2.9092270719323947,0
2025-12-17T22:47:33.666107+00:00,CKB,Holding,Altcoins,258531.12028953,0.0023305866945010543,602.5291890612302,0.4
2025-12-17T22:47:33.666107+00:00,ATOM,Holding,Altcoins,644.780011,1.9409822210436831,1251.5065378353504,0.9
2025-12-17T22:47:33.666107+00:00,SOL,Holding,Altcoins,14.012607079999999,122.9671380253392,1723.0901889012052,0.5
2025-12-17T22:47:33.666107+00:00,PYTH,Holding,Altcoins,878.54025,0.05599159411387588,49.190869090703046,0
2025-12-17T22:47:33.666107+00:00,BTC,Holding,Base,0.9498425699999999,86160.9690498962,81839.35627604387,45
2025-12-17T22:47:33.666107+00:00,RENDER,Holding,Altcoins,83.01374000000001,1.3038006917675034,108.23337163820767,0
2025-12-17T22:47:33.666107+00:00,VIRTUAL,Holding,Altcoins,1575.45986,0.6822341490417838,1074.8325169365878,0.3
2025-12-17T22:47:33.666107+00:00,ZIL,Holding,Altcoins,45523.089974,0.004634598180292399,210.98122995478758,0
2025-12-17T22:47:33.666107+00:00,PAAL,Holding,Altcoins,6140.853,0.013000181555618828,79.83220390636654,0.1
2025-12-17T22:47:33.666107+00:00,USDC,DeFi,Caixa,101.25733500000001,0.9999068127312304,101.24789910550847,0
2025-12-17T22:47:33.666107+00:00,LINK,DeFi,Altcoins,0.6786386,12.240478331298084,8.306861078082468,0
2025-12-17T22:47:33.666107+00:00,GRIFFAIN,Holding,Altcoins,31272.051999999996,0.016146555718465374,504.9359300487465,0.3
2025-12-17T22:47:33.666107+00:00,AAVE,Holding,Altcoins,8.719417,179.40315015314056,1564.2908772988465,1
2025-12-17T22:47:33.666107+00:00,ETH,DeFi,RendaPassiva,1.3587651,2829.0112460829264,3843.961748684992,0
2025-12-17T22:47:33.666107+00:00,ARC,DeFi,Altcoins,36.7125,0.03732865755630186,1.370428340535732,0
2025-12-17T22:47:33.666107+00:00,ETH,Holding,Altcoins,5.2558932,2829.0112460829264,14868.980971010778,4
2025-12-17T22:47:33.666107+00:00,ALGO,Holding,Altcoins,6009.82021,0.11162066406684944,670.8201227625725,0.5
2025-12-17T22:47:33.666107+00:00,S,Holding,Altcoins,3059.0620288,0.07895053783391326,241.51459244106184,0
2025-12-17T22:47:33.666107+00:00,XRD,Holding,Altcoins,69611.3,0.0015898904579022262,110.67434163216925,0
2025-12-17T22:47:33.666107+00:00,AAVE,DeFi,Altcoins,0.77915,179.40315015314056,139.78196444181947,0
2025-12-17T22:47:33.666107+00:00,POL,Holding,Altcoins,10035.37126,0.10679108509207684,1071.6881861572424,0.5
2025-12-17T22:47:33.666107+00:00,SOL,DeFi,Altcoins,0.0660798,122.9671380253392,8.125643887286808,0
2025-12-17T22:47:33.666107+00:00,ASTR,Holding,Altcoins,55762.82931,0.01020503923688684,569.0618610683736,0.45
2025-12-17T22:47:33.666107+00:00,DOT,Holding,Altcoins,648.27344032,1.8118174587122708,1174.5531371912432,0.9
2025-12-17T22:47:33.666107+00:00,IMX,Holding,Altcoins,364.43289,0.2334003883686486,85.058778060309,0.1
2025-12-17T22:47:33.666107+00:00,DYDX,Holding,Altcoins,2312.2487602600004,0.16935415374910717,391.58893205125446,0
2025-12-17T22:47:33.666107+00:00,LINK,Holding,Altcoins,407.887,12.240478331298084,4992.731985118181,2
2025-12-17T22:47:33.666107+00:00,TAI,Holding,Altcoins,1906.1919,0.02069326350035572,39.44533126894372,0
2025-12-17T22:47:33.666107+00:00,USDC,DeFi,RendaPassiva,4653.6900000000005,0.9999068127312304,4653.2563353392,0
2025-12-17T22:47:33.666107+00:00,ARC,Holding,Altcoins,22048.67,0.03732865755630186,823.047252001906,0.3
2025-12-17T22:47:33.666107+00:00,MNT,Holding,Altcoins,0.07529214,1.20128310923979,0.09044717604051755,0
2025-12-17T22:47:33.666107+00:00,USDT,DeFi,RendaPassiva,785.39,0.9997343889802044,785.1813917611626,0
2025-12-17T22:47:33.666107+00:00,BTC,DeFi,Base,0.00042193,86160.9690498962,36.353897671222704,0
2025-12-17T22:47:33.666107+00:00,POL,DeFi,Altcoins,428.44,0.10679108509207684,45.7535724968494,0
2025-12-17T22:47:33.666107+00:00,PENDLE,DeFi,Altcoins,73.53921,1.82202305379474,133.99013597785267,0
2025-12-17T22:47:33.666107+00:00,ONDO,Holding,Altcoins,601.40277023,0.389020865438992,233.95822615228184,0.3
2025-12-17T22:47:33.666107+00:00,ADA,Holding,Altcoins,3604.23462017,0.3670845503833626,1323.0588450212542,0.5
2025-12-17T22:47:33.666107+00:00,USDT,Holding,Caixa,29480.95068966,0.9997343889802044,29473.120224282775,40
2025-12-17T22:47:33.666107+00:00,SAND,Holding,Altcoins,846.3602988,0.11505058531513294,97.3742477644308,0
2025-12-17T22:47:33.666107+00:00,TIA,Holding,Altcoins,145.97388,0.48183495432878304,70.33531780299526,0
2025-12-17T22:47:33.666107+00:00,ETH,DeFi,Altcoins,0.11161887000000001,2829.0112460829264,315.7710385050682,0
2025-12-17T22:47:33.666107+00:00,GALA,Holding,Altcoins,20800.1022768,0.006229958652516461,129.5837771525775,0
2025-12-17T22:47:33.666107+00:00,ENA,Holding,Altcoins,1115.11627143,0.20204228917875008,225.30064418018964,0.2
2025-12-17T22:47:33.666107+00:00,RAY,DeFi,Altcoins,0.4,0.917718106158568,0.3670872424634272,0
2025-12-17T22:47:33.666107+00:00,NEAR,Holding,Altcoins,1265.66195157,1.4854815618625763,1880.11749260824,0.84
2025-12-17T22:47:33.666107+00:00,BNB,Holding,Altcoins,0.0726258,841.0187002585592,61.07965592123807,0.03
2025-12-17T22:47:33.666107+00:00,BTC,DeFi,RendaPassiva,0.101325,86160.9690498962,8730.260188980732,0
2025-12-17T22:47:33.666107+00:00,FET,Holding,Altcoins,5918.159502209999,0.2053599940615064,1215.3532002288932,0.88
2025-12-17T22:49:49.611843+00:00,GRIFFAIN,Holding,Altcoins,31272.051999999996,0.016189321261116767,506.2732963223491,0.3
2025-12-17T22:49:49.611843+00:00,FET,Holding,Altcoins,5918.159502209999,0.20533476062549777,1215.2038647298052,0.88
2025-12-17T22:49:49.611843+00:00,S,Holding,Altcoins,3059.0620288,0.07888253179214959,241.3065577409736,0
2025-12-17T22:49:49.611843+00:00,ADA,Holding,Altcoins,3604.23462017,0.3668737937363215,1322.2992286175577,0.5
2025-12-17T22:49:49.611843+00:00,BTC,Holding,Base,0.9498425699999999,86114.28661467032,81795.01531179505,45
2025-12-17T22:49:49.611843+00:00,ETH,Holding,Altcoins,5.2558932,2826.853437212806,14857.639758043413,4
2025-12-17T22:49:49.611843+00:00,USDT,DeFi,Caixa,2.91,0.9995291381578316,2.90862979203929,0
2025-12-17T22:49:49.611843+00:00,PENDLE,DeFi,Altcoins,73.53921,1.8209563083915767,133.91168836363292,0
2025-12-17T22:49:49.611843+00:00,SOL,Holding,Altcoins,14.012607079999999,122.9972384758697,1723.51197468742,0.5
2025-12-17T22:49:49.611843+00:00,TIA,Holding,Altcoins,145.97388,0.4820144719922853,70.36152269286522,0
2025-12-17T22:49:49.611843+00:00,ATOM,Holding,Altcoins,644.780011,1.9395416564824408,1250.5776906017065,0.9
2025-12-17T22:49:49.611843+00:00,POL,Holding,Altcoins,10035.37126,0.10674544262470832,1071.2301470519767,0.5
2025-12-17T22:49:49.611843+00:00,IMX,Holding,Altcoins,364.43289,0.2334053773221299,85.06059619904426,0.1
2025-12-17T22:49:49.611843+00:00,SAND,Holding,Altcoins,846.3602988,0.11512965050433108,97.44116540158522,0
2025-12-17T22:49:49.611843+00:00,BTC,DeFi,Base,0.00042193,86114.28661467032,36.334200951327844,0
2025-12-17T22:49:49.611843+00:00,POL,DeFi,Altcoins,428.44,0.10674544262470832,45.73401743813003,0
2025-12-17T22:49:49.611843+00:00,VIRTUAL,Holding,Altcoins,1575.45986,0.6820020311411465,1074.4668245013463,0.3
2025-12-17T22:49:49.611843+00:00,BTC,DeFi,RendaPassiva,0.101325,86114.28661467032,8725.53009123147,0
2025-12-17T22:49:49.611843+00:00,CKB,Holding,Altcoins,258531.12028953,0.002328861510356032,602.0831752715118,0.4
2025-12-17T22:49:49.611843+00:00,LINK,DeFi,Altcoins,0.6786386,12.22802948525342,8.298412810631103,0
2025-12-17T22:49:49.611843+00:00,XRD,Holding,Altcoins,69611.3,0.0015911744676843811,110.76372322231776,0
2025-12-17T22:49:49.611843+00:00,MNT,Holding,Altcoins,0.07529214,1.1998412468792978,0.09033861513781065,0
2025-12-17T22:49:49.611843+00:00,RAY,DeFi,Altcoins,0.4,0.9174338517843986,0.3669735407137595,0
2025-12-17T22:49:49.611843+00:00,USDC,DeFi,RendaPassiva,4653.6900000000005,0.999441263330394,4651.089812748021,0
2025-12-17T22:49:49.611843+00:00,PYTH,Holding,Altcoins,878.54025,0.05598632707584758,49.1862417857969,0
2025-12-17T22:49:49.611843+00:00,LINK,Holding,Altcoins,407.887,12.22802948525342,4987.654262651562,2
2025-12-17T22:49:49.611843+00:00,AAVE,Holding,Altcoins,8.719417,179.31419754674187,1563.5152624304194,1
2025-12-17T22:49:49.611843+00:00,USDT,DeFi,RendaPassiva,785.39,0.9995291381578316,785.0201898177793,0
2025-12-17T22:49:49.611843+00:00,PAAL,Holding,Altcoins,6140.853,0.012993939015653905,79.79386938609532,0.1
2025-12-17T22:49:49.611843+00:00,ENA,Holding,Altcoins,1115.11627143,0.20241036375744031,225.71109013198688,0.2
2025-12-17T22:49:49.611843+00:00,NEAR,Holding,Altcoins,1265.66195157,1.485736353022762,1880.4399720852834,0.84
2025-12-17T22:49:49.611843+00:00,ARC,DeFi,Altcoins,36.7125,0.03748492610320195,1.3761653495638015,0
2025-12-17T22:49:49.611843+00:00,RENDER,Holding,Altcoins,83.01374000000001,1.3030938225266862,108.17469177883648,0
2025-12-17T22:49:49.611843+00:00,ALGO,Holding,Altcoins,6009.82021,0.11162898678813056,670.87014082113,0.5
2025-12-17T22:49:49.611843+00:00,AAVE,DeFi,Altcoins,0.77915,179.31419754674187,139.71265701854392,0
2025-12-17T22:49:49.611843+00:00,DOT,Holding,Altcoins,648.27344032,1.8116189717842697,1174.4244633875694,0.9
2025-12-17T22:49:49.611843+00:00,BNB,Holding,Altcoins,0.0726258,841.0776205529892,61.08393505475728,0.03
2025-12-17T22:49:49.611843+00:00,USDT,Holding,Caixa,29480.95068966,0.9995291381578316,29467.06923490939,40
2025-12-17T22:49:49.611843+00:00,DYDX,Holding,Altcoins,2312.2487602600004,0.16927809415526196,391.41306334968004,0
2025-12-17T22:49:49.611843+00:00,ETH,DeFi,RendaPassiva,1.3587651,2826.853437212806,3841.0297932998023,0
2025-12-17T22:49:49.611843+00:00,ASTR,Holding,Altcoins,55762.82931,0.010199523150135273,568.7542684643867,0.45
2025-12-17T22:49:49.611843+00:00,ETH,DeFi,Altcoins,0.11161887000000001,2826.853437212806,315.53018631730936,0
2025-12-17T22:49:49.611843+00:00,SOL,DeFi,Altcoins,0.0660798,122.9972384758697,8.127632919037774,0
2025-12-17T22:49:49.611843+00:00,ONDO,Holding,Altcoins,601.40277023,0.38899317859898114,233.9415752100004,0.3
2025-12-17T22:49:49.611843+00:00,TAI,Holding,Altcoins,1906.1919,0.02071688625462259,39.49036077178292,0
2025-12-17T22:49:49.611843+00:00,GALA,Holding,Altcoins,20800.1022768,0.006230565905959082,129.59640808629194,0
2025-12-17T22:49:49.611843+00:00,USDC,DeFi,Caixa,101.25733500000001,0.999441263330394,101.20075881386893,0
2025-12-17T22:49:49.611843+00:00,ZIL,Holding,Altcoins,45523.089974,0.0046359838451473295,211.04430970065238,0
2025-12-17T22:49:49.611843+00:00,ARC,Holding,Altcoins,22048.67,0.03748492610320195,826.4927656238856,0.3
2025-12-17T22:50:27.170964+00:00,ENA,Holding,Altcoins,1115.11627143,0.2023802061872229,225.67746093473062,0.2
2025-12-17T22:50:27.170964+00:00,SAND,Holding,Altcoins,846.3602988,0.11511311171121064,97.42716762369801,0
2025-12-17T22:50:27.170964+00:00,FET,Holding,Altcoins,5918.159502209999,0.2053406993999078,1215.2390113440115,0.88
2025-12-17T22:50:27.170964+00:00,RENDER,Holding,Altcoins,83.01374000000001,1.30279449311967,108.14984332526808,0
2025-12-17T22:50:27.170964+00:00,PAAL,Holding,Altcoins,6140.853,0.013066314681598528,80.23831771143837,0.1
2025-12-17T22:50:27.170964+00:00,USDC,DeFi,RendaPassiva,4653.6900000000005,0.9999249302979206,4653.340648878131,0
2025-12-17T22:50:27.170964+00:00,IMX,Holding,Altcoins,364.43289,0.23343335832197085,85.07079339568138,0.1
2025-12-17T22:50:27.170964+00:00,BTC,DeFi,RendaPassiva,0.101325,86119.4164979976,8726.049876659607,0
2025-12-17T22:50:27.170964+00:00,ETH,DeFi,Altcoins,0.11161887000000001,2826.073129042941,315.4430892011373,0
2025-12-17T22:50:27.170964+00:00,USDC,DeFi,Caixa,101.25733500000001,0.9999249302979206,101.2497336420282,0
2025-12-17T22:50:27.170964+00:00,LINK,Holding,Altcoins,407.887,12.226024459226783,4986.836438600635,2
2025-12-17T22:50:27.170964+00:00,TIA,Holding,Altcoins,145.97388,0.4819258295492988,70.3485832115298,0
2025-12-17T22:50:27.170964+00:00,SOL,DeFi,Altcoins,0.0660798,122.967157888163,8.125645199818234,0
2025-12-17T22:50:27.170964+00:00,MNT,Holding,Altcoins,0.07529214,1.199773489925347,0.0903335135717478,0
2025-12-17T22:50:27.170964+00:00,AAVE,DeFi,Altcoins,0.77915,179.280756448403,139.6866013867732,0
2025-12-17T22:50:27.170964+00:00,SOL,Holding,Altcoins,14.012607079999999,122.967157888163,1723.0904672311508,0.5
2025-12-17T22:50:27.170964+00:00,DOT,Holding,Altcoins,648.27344032,1.8114128166123509,1174.2908184650298,0.9
2025-12-17T22:50:27.170964+00:00,GALA,Holding,Altcoins,20800.1022768,0.006229459242207234,129.57338936706748,0
2025-12-17T22:50:27.170964+00:00,USDT,DeFi,Caixa,2.91,0.9996461112842764,2.9089701838372446,0
2025-12-17T22:50:27.170964+00:00,AAVE,Holding,Altcoins,8.719417,179.280756448403,1563.2236755490649,1
2025-12-17T22:50:27.170964+00:00,BTC,DeFi,Base,0.00042193,86119.4164979976,36.33636540300012,0
2025-12-17T22:50:27.170964+00:00,VIRTUAL,Holding,Altcoins,1575.45986,0.6819150795310622,1074.329835729896,0.3
2025-12-17T22:50:27.170964+00:00,ARC,DeFi,Altcoins,36.7125,0.03779379204833231,1.3875045905744,0
2025-12-17T22:50:27.170964+00:00,CKB,Holding,Altcoins,258531.12028953,0.002327385118877896,601.7014821286834,0.4
2025-12-17T22:50:27.170964+00:00,BTC,Holding,Base,0.9498425699999999,86119.4164979976,81799.88789335843,45
2025-12-17T22:50:27.170964+00:00,USDT,Holding,Caixa,29480.95068966,0.9996461112842764,29470.517713882116,40
2025-12-17T22:50:27.170964+00:00,PYTH,Holding,Altcoins,878.54025,0.05597961409312712,49.180344160279425,0
2025-12-17T22:50:27.170964+00:00,POL,Holding,Altcoins,10035.37126,0.10672125894565423,1070.9874548542364,0.5
2025-12-17T22:50:27.170964+00:00,XRD,Holding,Altcoins,69611.3,0.0015893773955172016,110.63862669256658,0
2025-12-17T22:50:27.170964+00:00,ZIL,Holding,Altcoins,45523.089974,0.004635934035180135,211.04204219703416,0
2025-12-17T22:50:27.170964+00:00,ALGO,Holding,Altcoins,6009.82021,0.11158161809312273,670.5854634805507,0.5
2025-12-17T22:50:27.170964+00:00,ETH,DeFi,RendaPassiva,1.3587651,2826.073129042941,3839.969537791345,0
2025-12-17T22:50:27.170964+00:00,ARC,Holding,Altcoins,22048.67,0.03779379204833231,833.302848922303,0.3
2025-12-17T22:50:27.170964+00:00,POL,DeFi,Altcoins,428.44,0.10672125894565423,45.7236561826761,0
2025-12-17T22:50:27.170964+00:00,S,Holding,Altcoins,3059.0620288,0.07883378754343631,241.15744606061244,0
2025-12-17T22:50:27.170964+00:00,BNB,Holding,Altcoins,0.0726258,841.0718822312481,61.08351830455018,0.03
2025-12-17T22:50:27.170964+00:00,ASTR,Holding,Altcoins,55762.82931,0.010197918624296549,568.6647955639185,0.45
2025-12-17T22:50:27.170964+00:00,DYDX,Holding,Altcoins,2312.2487602600004,0.1692760071175467,391.40823759931027,0
2025-12-17T22:50:27.170964+00:00,LINK,DeFi,Altcoins,0.6786386,12.226024459226783,8.29705212257542,0
2025-12-17T22:50:27.170964+00:00,RAY,DeFi,Altcoins,0.4,0.9176284226314272,0.3670513690525709,0
2025-12-17T22:50:27.170964+00:00,ONDO,Holding,Altcoins,601.40277023,0.3889675919713411,233.92618734125685,0.3
2025-12-17T22:50:27.170964+00:00,ADA,Holding,Altcoins,3604.23462017,0.3668700604082125,1322.2857728271388,0.5
2025-12-17T22:50:27.170964+00:00,NEAR,Holding,Altcoins,1265.66195157,1.4854884791685807,1880.1262475792576,0.84
2025-12-17T22:50:27.170964+00:00,GRIFFAIN,Holding,Altcoins,31272.051999999996,0.016194522964363228,506.43596425676094,0.3
2025-12-17T22:50:27.170964+00:00,ATOM,Holding,Altcoins,644.780011,1.939390282269728,1250.4800875351682,0.9
2025-12-17T22:50:27.170964+00:00,TAI,Holding,Altcoins,1906.1919,0.020720256224500216,39.4967845810669,0
2025-12-17T22:50:27.170964+00:00,PENDLE,DeFi,Altcoins,73.53921,1.820774614847058,133.8983267639069,0
2025-12-17T22:50:27.170964+00:00,USDT,DeFi,RendaPassiva,785.39,0.9996461112842764,785.1120593415577,0
2025-12-17T22:50:27.170964+00:00,ETH,Holding,Altcoins,5.2558932,2826.073129042941,14853.538541639517,4
2025-12-17T22:50:58.155343+00:00,ASTR,Holding,Altcoins,55762.82931,0.010197918624296549,568.6647955639185,0.45
2025-12-17T22:50:58.155343+00:00,LINK,Holding,Altcoins,407.887,12.226024459226783,4986.836438600635,2
2025-12-17T22:50:58.155343+00:00,PYTH,Holding,Altcoins,878.54025,0.05597961409312712,49.180344160279425,0
2025-12-17T22:50:58.155343+00:00,USDT,DeFi,RendaPassiva,785.39,0.9996461112842764,785.1120593415577,0
2025-12-17T22:50:58.155343+00:00,GRIFFAIN,Holding,Altcoins,31272.051999999996,0.016194522964363228,506.43596425676094,0.3
2025-12-17T22:50:58.155343+00:00,PAAL,Holding,Altcoins,6140.853,0.013066314681598528,80.23831771143837,0.1
2025-12-17T22:50:58.155343+00:00,ARC,Holding,Altcoins,22048.67,0.03779379204833231,833.302848922303,0.3
2025-12-17T22:50:58.155343+00:00,RENDER,Holding,Altcoins,83.01374000000001,1.30279449311967,108.14984332526808,0
2025-12-17T22:50:58.155343+00:00,USDT,Holding,Caixa,29480.95068966,0.9996461112842764,29470.517713882116,40
2025-12-17T22:50:58.155343+00:00,XRD,Holding,Altcoins,69611.3,0.0015893773955172016,110.63862669256658,0
2025-12-17T22:50:58.155343+00:00,TIA,Holding,Altcoins,145.97388,0.4819258295492988,70.3485832115298,0
2025-12-17T22:50:58.155343+00:00,TAI,Holding,Altcoins,1906.1919,0.020720256224500216,39.4967845810669,0
2025-12-17T22:50:58.155343+00:00,ETH,Holding,Altcoins,5.2558932,2826.073129042941,14853.538541639517,4
2025-12-17T22:50:58.155343+00:00,VIRTUAL,Holding,Altcoins,1575.45986,0.6819150795310622,1074.329835729896,0.3
2025-12-17T22:50:58.155343+00:00,LINK,DeFi,Altcoins,0.6786386,12.226024459226783,8.29705212257542,0
2025-12-17T22:50:58.155343+00:00,ALGO,Holding,Altcoins,6009.82021,0.11158161809312273,670.5854634805507,0.5
2025-12-17T22:50:58.155343+00:00,DYDX,Holding,Altcoins,2312.2487602600004,0.1692760071175467,391.40823759931027,0
2025-12-17T22:50:58.155343+00:00,USDC,DeFi,RendaPassiva,4653.6900000000005,0.9999249302979206,4653.340648878131,0
2025-12-17T22:50:58.155343+00:00,BTC,DeFi,RendaPassiva,0.101325,86119.4164979976,8726.049876659607,0
2025-12-17T22:50:58.155343+00:00,POL,DeFi,Altcoins,428.44,0.10672125894565423,45.7236561826761,0
2025-12-17T22:50:58.155343+00:00,S,Holding,Altcoins,3059.0620288,0.07883378754343631,241.15744606061244,0
2025-12-17T22:50:58.155343+00:00,SAND,Holding,Altcoins,846.3602988,0.11511311171121064,97.42716762369801,0
2025-12-17T22:50:58.155343+00:00,USDC,DeFi,Caixa,101.25733500000001,0.9999249302979206,101.2497336420282,0
2025-12-17T22:50:58.155343+00:00,SOL,DeFi,Altcoins,0.0660798,122.967157888163,8.125645199818234,0
2025-12-17T22:50:58.155343+00:00,AAVE,DeFi,Altcoins,0.77915,179.280756448403,139.6866013867732,0
2025-12-17T22:50:58.155343+00:00,IMX,Holding,Altcoins,364.43289,0.23343335832197085,85.07079339568138,0.1
2025-12-17T22:50:58.155343+00:00,ADA,Holding,Altcoins,3604.23462017,0.3668700604082125,1322.2857728271388,0.5
2025-12-17T22:50:58.155343+00:00,POL,Holding,Altcoins,10035.37126,0.10672125894565423,1070.9874548542364,0.5
2025-12-17T22:50:58.155343+00:00,MNT,Holding,Altcoins,0.07529214,1.199773489925347,0.0903335135717478,0
2025-12-17T22:50:58.155343+00:00,ETH,DeFi,RendaPassiva,1.3587651,2826.073129042941,3839.969537791345,0
2025-12-17T22:50:58.155343+00:00,USDT,DeFi,Caixa,2.91,0.9996461112842764,2.9089701838372446,0
2025-12-17T22:50:58.155343+00:00,ATOM,Holding,Altcoins,644.780011,1.939390282269728,1250.4800875351682,0.9
2025-12-17T22:50:58.155343+00:00,NEAR,Holding,Altcoins,1265.66195157,1.4854884791685807,1880.1262475792576,0.84
2025-12-17T22:50:58.155343+00:00,SOL,Holding,Altcoins,14.012607079999999,122.967157888163,1723.0904672311508,0.5
2025-12-17T22:50:58.155343+00:00,BTC,Holding,Base,0.9498425699999999,86119.4164979976,81799.88789335843,45
2025-12-17T22:50:58.155343+00:00,AAVE,Holding,Altcoins,8.719417,179.280756448403,1563.2236755490649,1
2025-12-17T22:50:58.155343+00:00,BNB,Holding,Altcoins,0.0726258,841.0718822312481,61.08351830455018,0.03
2025-12-17T22:50:58.155343+00:00,DOT,Holding,Altcoins,648.27344032,1.8114128166123509,1174.2908184650298,0.9
2025-12-17T22:50:58.155343+00:00,GALA,Holding,Altcoins,20800.1022768,0.006229459242207234,129.57338936706748,0
2025-12-17T22:50:58.155343+00:00,ENA,Holding,Altcoins,1115.11627143,0.2023802061872229,225.67746093473062,0.2
2025-12-17T22:50:58.155343+00:00,CKB,Holding,Altcoins,258531.12028953,0.002327385118877896,601.7014821286834,0.4
2025-12-17T22:50:58.155343+00:00,BTC,DeFi,Base,0.00042193,86119.4164979976,36.33636540300012,0
2025-12-17T22:50:58.155343+00:00,ETH,DeFi,Altcoins,0.11161887000000001,2826.073129042941,315.4430892011373,0
2025-12-17T22:50:58.155343+00:00,PENDLE,DeFi,Altcoins,73.53921,1.820774614847058,133.8983267639069,0
2025-12-17T22:50:58.155343+00:00,FET,Holding,Altcoins,5918.159502209999,0.2053406993999078,1215.2390113440115,0.88
2025-12-17T22:50:58.155343+00:00,RAY,DeFi,Altcoins,0.4,0.9176284226314272,0.3670513690525709,0
2025-12-17T22:50:58.155343+00:00,ONDO,Holding,Altcoins,601.40277023,0.3889675919713411,233.92618734125685,0.3
2025-12-17T22:50:58.155343+00:00,ARC,DeFi,Altcoins,36.7125,0.03779379204833231,1.3875045905744,0
2025-12-17T22:50:58.155343+00:00,ZIL,Holding,Altcoins,45523.089974,0.004635934035180135,211.04204219703416,0
2025-12-17T22:52:22.701984+00:00,ATOM,Holding,Altcoins,644.780011,1.93886647602164,1250.1423477367643,0.9
2025-12-17T22:52:22.701984+00:00,USDT,DeFi,RendaPassiva,785.39,0.999754802311986,785.1974241878107,0
2025-12-17T22:52:22.701984+00:00,LINK,Holding,Altcoins,407.887,12.226024459226783,4986.836438600635,2
2025-12-17T22:52:22.701984+00:00,ETH,DeFi,Altcoins,0.11161887000000001,2828.7719188299993,315.74432506753624,0
2025-12-17T22:52:22.701984+00:00,BTC,DeFi,RendaPassiva,0.101325,86163.04811080381,8730.470849827196,0
2025-12-17T22:52:22.701984+00:00,DOT,Holding,Altcoins,648.27344032,1.8102911404203488,1173.5636655811159,0.9
2025-12-17T22:52:22.701984+00:00,GALA,Holding,Altcoins,20800.1022768,0.0062303608332447856,129.59214255286042,0
2025-12-17T22:52:22.701984+00:00,NEAR,Holding,Altcoins,1265.66195157,1.4842152138691926,1878.5147241355671,0.84
2025-12-17T22:52:22.701984+00:00,AAVE,Holding,Altcoins,8.719417,179.0190570224582,1560.9418091255916,1
2025-12-17T22:52:22.701984+00:00,RENDER,Holding,Altcoins,83.01374000000001,1.3022018863123328,108.10064881784156,0
2025-12-17T22:52:22.701984+00:00,USDC,DeFi,RendaPassiva,4653.6900000000005,1.0002000694146502,4654.621061034263,0
2025-12-17T22:52:22.701984+00:00,POL,DeFi,Altcoins,428.44,0.10663311940686336,45.685893678676536,0
2025-12-17T22:52:22.701984+00:00,RAY,DeFi,Altcoins,0.4,0.9174104820421528,0.36696419281686116,0
2025-12-17T22:52:22.701984+00:00,ADA,Holding,Altcoins,3604.23462017,0.3668004152597802,1322.0347553720321,0.5
2025-12-17T22:52:22.701984+00:00,GRIFFAIN,Holding,Altcoins,31272.051999999996,0.016205834469546807,506.7896982350601,0.3
2025-12-17T22:52:22.701984+00:00,CKB,Holding,Altcoins,258531.12028953,0.002327385118877896,601.7014821286834,0.4
2025-12-17T22:52:22.701984+00:00,FET,Holding,Altcoins,5918.159502209999,0.20515711075156537,1214.1525044403259,0.88
2025-12-17T22:52:22.701984+00:00,BNB,Holding,Altcoins,0.0726258,841.1232648765725,61.08725001027298,0.03
2025-12-17T22:52:22.701984+00:00,ASTR,Holding,Altcoins,55762.82931,0.01019885498283802,568.7170095654394,0.45
2025-12-17T22:52:22.701984+00:00,PYTH,Holding,Altcoins,878.54025,0.05597568563274486,49.17689284971308,0
2025-12-17T22:52:22.701984+00:00,TAI,Holding,Altcoins,1906.1919,0.020723772681636297,39.50348762317639,0
2025-12-17T22:52:22.701984+00:00,ENA,Holding,Altcoins,1115.11627143,0.2022135723985636,225.4916448856266,0.2
2025-12-17T22:52:22.701984+00:00,ETH,DeFi,RendaPassiva,1.3587651,2828.7719188299993,3843.636559166236,0
2025-12-17T22:52:22.701984+00:00,S,Holding,Altcoins,3059.0620288,0.07880515491749279,241.0698570818038,0
2025-12-17T22:52:22.701984+00:00,TIA,Holding,Altcoins,145.97388,0.4813592510379943,70.26587754791007,0
2025-12-17T22:52:22.701984+00:00,VIRTUAL,Holding,Altcoins,1575.45986,0.6815283868892583,1073.7206169945766,0.3
2025-12-17T22:52:22.701984+00:00,USDC,DeFi,Caixa,101.25733500000001,1.0002000694146502,101.2775934957425,0
2025-12-17T22:52:22.701984+00:00,USDT,DeFi,Caixa,2.91,0.999754802311986,2.9092864747278795,0
2025-12-17T22:52:22.701984+00:00,SOL,DeFi,Altcoins,0.0660798,122.87658883616962,8.11966041497632,0
2025-12-17T22:52:22.701984+00:00,AAVE,DeFi,Altcoins,0.77915,179.0190570224582,139.48269827904832,0
2025-12-17T22:52:22.701984+00:00,POL,Holding,Altcoins,10035.37126,0.10663311940686336,1070.102941859785,0.5
2025-12-17T22:52:22.701984+00:00,ETH,Holding,Altcoins,5.2558932,2828.7719188299993,14867.723092529544,4
2025-12-17T22:52:22.701984+00:00,ONDO,Holding,Altcoins,601.40277023,0.3886782164703021,233.75215611329529,0.3
2025-12-17T22:52:22.701984+00:00,PENDLE,DeFi,Altcoins,73.53921,1.819881457891236,133.83264470696975,0
2025-12-17T22:52:22.701984+00:00,BTC,Holding,Base,0.9498425699999999,86163.04811080381,81841.33105659953,45
2025-12-17T22:52:22.701984+00:00,ARC,DeFi,Altcoins,36.7125,0.03787319946833411,1.390419835481216,0
2025-12-17T22:52:22.701984+00:00,LINK,DeFi,Altcoins,0.6786386,12.226024459226783,8.29705212257542,0
2025-12-17T22:52:22.701984+00:00,XRD,Holding,Altcoins,69611.3,0.001589662641518385,110.65848303752875,0
2025-12-17T22:52:22.701984+00:00,PAAL,Holding,Altcoins,6140.853,0.013010286492274543,79.89425683694361,0.1
2025-12-17T22:52:22.701984+00:00,DYDX,Holding,Altcoins,2312.2487602600004,0.1692899075564417,391.4403788719123,0
2025-12-17T22:52:22.701984+00:00,ARC,Holding,Altcoins,22048.67,0.03787319946833411,835.0536769214742,0.3
2025-12-17T22:52:22.701984+00:00,ZIL,Holding,Altcoins,45523.089974,0.004634195122811446,210.96288153281742,0
2025-12-17T22:52:22.701984+00:00,SAND,Holding,Altcoins,846.3602988,0.11505219476660478,97.37560994025941,0
2025-12-17T22:52:22.701984+00:00,MNT,Holding,Altcoins,0.07529214,1.2003476370754795,0.09037674233935619,0
2025-12-17T22:52:22.701984+00:00,ALGO,Holding,Altcoins,6009.82021,0.11158213092004218,670.5885454781354,0.5
2025-12-17T22:52:22.701984+00:00,SOL,Holding,Altcoins,14.012607079999999,122.87658883616962,1721.8213586919592,0.5
2025-12-17T22:52:22.701984+00:00,BTC,DeFi,Base,0.00042193,86163.04811080381,36.35477488939145,0
2025-12-17T22:52:22.701984+00:00,USDT,Holding,Caixa,29480.95068966,0.999754802311986,29473.72202871044,40
2025-12-17T22:52:22.701984+00:00,IMX,Holding,Altcoins,364.43289,0.2334136952632492,85.06362753036521,0.1
2025-12-17T23:06:07.590574+00:00,USDC,DeFi,Caixa,101.25733500000001,0.9996233985115004,101.21920133691751,0
2025-12-17T23:06:07.590574+00:00,ARC,DeFi,Altcoins,36.7125,0.03812108663477153,1.3995203930790499,0
2025-12-17T23:06:07.590574+00:00,ARC,Holding,Altcoins,22048.67,0.03812108663477153,840.5192592514879,0.3
2025-12-17T23:06:07.590574+00:00,VIRTUAL,Holding,Altcoins,1575.45986,0.6822746327030329,1074.8962973198716,0.3
2025-12-17T23:06:07.590574+00:00,SOL,Holding,Altcoins,14.012607079999999,123.33670718927644,1728.2688163843418,0.5
2025-12-17T23:06:07.590574+00:00,POL,Holding,Altcoins,10035.37126,0.10680807644059465,1071.8587006478267,0.5
2025-12-17T23:06:07.590574+00:00,ETH,DeFi,RendaPassiva,1.3587651,2830.082755447967,3845.4176782145328,0
2025-12-17T23:06:07.590574+00:00,ONDO,Holding,Altcoins,601.40277023,0.39063560302003864,234.92933380671778,0.3
2025-12-17T23:06:07.590574+00:00,LINK,Holding,Altcoins,407.887,12.246578859086789,4995.220311096333,2
2025-12-17T23:06:07.590574+00:00,TIA,Holding,Altcoins,145.97388,0.4818059448732696,70.33108318021728,0
2025-12-17T23:06:07.590574+00:00,ETH,Holding,Altcoins,5.2558932,2830.082755447967,14874.612709796233,4
2025-12-17T23:06:07.590574+00:00,ENA,Holding,Altcoins,1115.11627143,0.20303386944979385,226.40637147485953,0.2
2025-12-17T23:06:07.590574+00:00,BNB,Holding,Altcoins,0.0726258,842.6095319921146,61.195191348552925,0.03
2025-12-17T23:06:07.590574+00:00,ASTR,Holding,Altcoins,55762.82931,0.010211648551439145,569.4304151476098,0.45
2025-12-17T23:06:07.590574+00:00,GALA,Holding,Altcoins,20800.1022768,0.0062490051454509405,129.97994615362904,0
2025-12-17T23:06:07.590574+00:00,ALGO,Holding,Altcoins,6009.82021,0.11151946790233452,670.2119520078962,0.5
2025-12-17T23:06:07.590574+00:00,IMX,Holding,Altcoins,364.43289,0.23386311304941476,85.22741015299493,0.1
2025-12-17T23:06:07.590574+00:00,CKB,Holding,Altcoins,258531.12028953,0.002326477885072219,601.4669339565372,0.4
2025-12-17T23:06:07.590574+00:00,ZIL,Holding,Altcoins,45523.089974,0.004647863807819748,211.58512231027663,0
2025-12-17T23:06:07.590574+00:00,USDC,DeFi,RendaPassiva,4653.6900000000005,0.9996233985115004,4651.937413418985,0
2025-12-17T23:06:07.590574+00:00,AAVE,Holding,Altcoins,8.719417,179.42530045787296,1564.4840150424852,1
2025-12-17T23:06:07.590574+00:00,PYTH,Holding,Altcoins,878.54025,0.05623965652474093,49.408801903160025,0
2025-12-17T23:06:07.590574+00:00,USDT,DeFi,Caixa,2.91,0.9995671829293932,2.9087405023245343,0
2025-12-17T23:06:07.590574+00:00,PAAL,Holding,Altcoins,6140.853,0.013049790272547875,80.13684374454644,0.1
2025-12-17T23:06:07.590574+00:00,S,Holding,Altcoins,3059.0620288,0.07924863692347868,242.4264960467713,0
2025-12-17T23:06:07.590574+00:00,BTC,DeFi,Base,0.00042193,86205.01917753006,36.37248374157526,0
2025-12-17T23:06:07.590574+00:00,LINK,DeFi,Altcoins,0.6786386,12.246578859086789,8.311001131720255,0
2025-12-17T23:06:07.590574+00:00,AAVE,DeFi,Altcoins,0.77915,179.42530045787296,139.79922285175172,0
2025-12-17T23:06:07.590574+00:00,ATOM,Holding,Altcoins,644.780011,1.9442657772635148,1253.6237092508927,0.9
2025-12-17T23:06:07.590574+00:00,USDT,Holding,Caixa,29480.95068966,0.9995671829293932,29468.190830943793,40
2025-12-17T23:06:07.590574+00:00,FET,Holding,Altcoins,5918.159502209999,0.20480812008481028,1212.0871220096867,0.88
2025-12-17T23:06:07.590574+00:00,DYDX,Holding,Altcoins,2312.2487602600004,0.16926530715260055,391.3834966186287,0
2025-12-17T23:06:07.590574+00:00,GRIFFAIN,Holding,Altcoins,31272.051999999996,0.0162447982029877,508.0081741333379,0.3
2025-12-17T23:06:07.590574+00:00,BTC,DeFi,RendaPassiva,0.101325,86205.01917753006,8734.723568163234,0
2025-12-17T23:06:07.590574+00:00,MNT,Holding,Altcoins,0.07529214,1.2080370894123746,0.09095569766122902,0
2025-12-17T23:06:07.590574+00:00,DOT,Holding,Altcoins,648.27344032,1.813763006175266,1175.814383938385,0.9
2025-12-17T23:06:07.590574+00:00,NEAR,Holding,Altcoins,1265.66195157,1.4869423109395286,1881.9663071357297,0.84
2025-12-17T23:06:07.590574+00:00,XRD,Holding,Altcoins,69611.3,0.0015921916404763269,110.83452994268974,0
2025-12-17T23:06:07.590574+00:00,RENDER,Holding,Altcoins,83.01374000000001,1.302979625776608,108.16521187951663,0
2025-12-17T23:06:07.590574+00:00,TAI,Holding,Altcoins,1906.1919,0.020759150861648805,39.57092522335297,0
2025-12-17T23:06:07.590574+00:00,SAND,Holding,Altcoins,846.3602988,0.11539380734268948,97.6647372622283,0
2025-12-17T23:06:07.590574+00:00,ETH,DeFi,Altcoins,0.11161887000000001,2830.082755447967,315.8906391695884,0
2025-12-17T23:06:07.590574+00:00,SOL,DeFi,Altcoins,0.0660798,123.33670718927644,8.150064943725948,0
2025-12-17T23:06:07.590574+00:00,USDT,DeFi,RendaPassiva,785.39,0.9995671829293932,785.0500698009159,0
2025-12-17T23:06:07.590574+00:00,RAY,DeFi,Altcoins,0.4,0.9208092168252192,0.3683236867300877,0
2025-12-17T23:06:07.590574+00:00,ADA,Holding,Altcoins,3604.23462017,0.367625982979022,1325.010295127018,0.5
2025-12-17T23:06:07.590574+00:00,PENDLE,DeFi,Altcoins,73.53921,1.8309375694043657,134.64570241331722,0
2025-12-17T23:06:07.590574+00:00,BTC,Holding,Base,0.9498425699999999,86205.01917753006,81881.19696248444,45
2025-12-17T23:06:07.590574+00:00,POL,DeFi,Altcoins,428.44,0.10680807644059465,45.76085227020837,0
2025-12-17T23:06:28.104436+00:00,FET,Holding,Altcoins,5918.159502209999,0.20480812008481028,1212.0871220096867,0.88
2025-12-17T23:06:28.104436+00:00,DOT,Holding,Altcoins,648.27344032,1.813763006175266,1175.814383938385,0.9
2025-12-17T23:06:28.104436+00:00,BNB,Holding,Altcoins,0.0726258,842.6095319921146,61.195191348552925,0.03
2025-12-17T23:06:28.104436+00:00,IMX,Holding,Altcoins,364.43289,0.23386311304941476,85.22741015299493,0.1
2025-12-17T23:06:28.104436+00:00,S,Holding,Altcoins,3059.0620288,0.07924863692347868,242.4264960467713,0
2025-12-17T23:06:28.104436+00:00,LINK,DeFi,Altcoins,0.6786386,12.246578859086789,8.311001131720255,0
2025-12-17T23:06:28.104436+00:00,RENDER,Holding,Altcoins,83.01374000000001,1.302979625776608,108.16521187951663,0
2025-12-17T23:06:28.104436+00:00,MNT,Holding,Altcoins,0.07529214,1.2080370894123746,0.09095569766122902,0
2025-12-17T23:06:28.104436+00:00,USDT,DeFi,RendaPassiva,785.39,0.9995671829293932,785.0500698009159,0
2025-12-17T23:06:28.104436+00:00,PENDLE,DeFi,Altcoins,73.53921,1.8309375694043657,134.64570241331722,0
2025-12-17T23:06:28.104436+00:00,ONDO,Holding,Altcoins,601.40277023,0.39063560302003864,234.92933380671778,0.3
2025-12-17T23:06:28.104436+00:00,USDC,DeFi,Caixa,101.25733500000001,0.9996233985115004,101.21920133691751,0
2025-12-17T23:06:28.104436+00:00,ZIL,Holding,Altcoins,45523.089974,0.004647863807819748,211.58512231027663,0
2025-12-17T23:06:28.104436+00:00,ARC,DeFi,Altcoins,36.7125,0.03812108663477153,1.3995203930790499,0
2025-12-17T23:06:28.104436+00:00,USDC,DeFi,RendaPassiva,4653.6900000000005,0.9996233985115004,4651.937413418985,0
2025-12-17T23:06:28.104436+00:00,USDT,Holding,Caixa,29480.95068966,0.9995671829293932,29468.190830943793,40
2025-12-17T23:06:28.104436+00:00,ASTR,Holding,Altcoins,55762.82931,0.010211648551439145,569.4304151476098,0.45
2025-12-17T23:06:28.104436+00:00,ETH,DeFi,RendaPassiva,1.3587651,2830.082755447967,3845.4176782145328,0
2025-12-17T23:06:28.104436+00:00,ENA,Holding,Altcoins,1115.11627143,0.20303386944979385,226.40637147485953,0.2
2025-12-17T23:06:28.104436+00:00,TAI,Holding,Altcoins,1906.1919,0.020759150861648805,39.57092522335297,0
2025-12-17T23:06:28.104436+00:00,GALA,Holding,Altcoins,20800.1022768,0.0062490051454509405,129.97994615362904,0
2025-12-17T23:06:28.104436+00:00,POL,Holding,Altcoins,10035.37126,0.10680807644059465,1071.8587006478267,0.5
2025-12-17T23:06:28.104436+00:00,ETH,Holding,Altcoins,5.2558932,2830.082755447967,14874.612709796233,4
2025-12-17T23:06:28.104436+00:00,POL,DeFi,Altcoins,428.44,0.10680807644059465,45.76085227020837,0
2025-12-17T23:06:28.104436+00:00,XRD,Holding,Altcoins,69611.3,0.0015921916404763269,110.83452994268974,0
2025-12-17T23:06:28.104436+00:00,ARC,Holding,Altcoins,22048.67,0.03812108663477153,840.5192592514879,0.3
2025-12-17T23:06:28.104436+00:00,DYDX,Holding,Altcoins,2312.2487602600004,0.16926530715260055,391.3834966186287,0
2025-12-17T23:06:28.104436+00:00,BTC,DeFi,Base,0.00042193,86205.01917753006,36.37248374157526,0
2025-12-17T23:06:28.104436+00:00,NEAR,Holding,Altcoins,1265.66195157,1.4869423109395286,1881.9663071357297,0.84
2025-12-17T23:06:28.104436+00:00,PAAL,Holding,Altcoins,6140.853,0.013049790272547875,80.13684374454644,0.1
2025-12-17T23:06:28.104436+00:00,LINK,Holding,Altcoins,407.887,12.246578859086789,4995.220311096333,2
2025-12-17T23:06:28.104436+00:00,ATOM,Holding,Altcoins,644.780011,1.9442657772635148,1253.6237092508927,0.9
2025-12-17T23:06:28.104436+00:00,GRIFFAIN,Holding,Altcoins,31272.051999999996,0.0162447982029877,508.0081741333379,0.3
2025-12-17T23:06:28.104436+00:00,BTC,Holding,Base,0.9498425699999999,86205.01917753006,81881.19696248444,45
2025-12-17T23:06:28.104436+00:00,TIA,Holding,Altcoins,145.97388,0.4818059448732696,70.33108318021728,0
2025-12-17T23:06:28.104436+00:00,BTC,DeFi,RendaPassiva,0.101325,86205.01917753006,8734.723568163234,0
2025-12-17T23:06:28.104436+00:00,USDT,DeFi,Caixa,2.91,0.9995671829293932,2.9087405023245343,0
2025-12-17T23:06:28.104436+00:00,ETH,DeFi,Altcoins,0.11161887000000001,2830.082755447967,315.8906391695884,0
2025-12-17T23:06:28.104436+00:00,AAVE,Holding,Altcoins,8.719417,179.42530045787296,1564.4840150424852,1
2025-12-17T23:06:28.104436+00:00,AAVE,DeFi,Altcoins,0.77915,179.42530045787296,139.79922285175172,0
2025-12-17T23:06:28.104436+00:00,VIRTUAL,Holding,Altcoins,1575.45986,0.6822746327030329,1074.8962973198716,0.3
2025-12-17T23:06:28.104436+00:00,SOL,DeFi,Altcoins,0.0660798,123.33670718927644,8.150064943725948,0
2025-12-17T23:06:28.104436+00:00,ALGO,Holding,Altcoins,6009.82021,0.11151946790233452,670.2119520078962,0.5
2025-12-17T23:06:28.104436+00:00,SOL,Holding,Altcoins,14.012607079999999,123.33670718927644,1728.2688163843418,0.5
2025-12-17T23:06:28.104436+00:00,RAY,DeFi,Altcoins,0.4,0.9208092168252192,0.3683236867300877,0
2025-12-17T23:06:28.104436+00:00,PYTH,Holding,Altcoins,878.54025,0.05623965652474093,49.408801903160025,0
2025-12-17T23:06:28.104436+00:00,SAND,Holding,Altcoins,846.3602988,0.11539380734268948,97.6647372622283,0
2025-12-17T23:06:28.104436+00:00,CKB,Holding,Altcoins,258531.12028953,0.002326477885072219,601.4669339565372,0.4
2025-12-17T23:06:28.104436+00:00,ADA,Holding,Altcoins,3604.23462017,0.367625982979022,1325.010295127018,0.5
2025-12-17T23:32:21.378179+00:00,S,Holding,Altcoins,3059.0620288,0.07867135277933271,240.66054804158603,0
2025-12-17T23:32:21.378179+00:00,ARC,DeFi,Altcoins,36.7125,0.03680676787396885,1.3512684655730816,0
2025-12-17T23:32:21.378179+00:00,ATOM,Holding,Altcoins,644.780011,1.938697361705665,1250.0333062062496,0.9
2025-12-17T23:32:21.378179+00:00,IMX,Holding,Altcoins,364.43289,0.2322526423214508,84.64050165134262,0.1
2025-12-17T23:32:21.378179+00:00,USDT,DeFi,Caixa,2.91,0.9996222513843064,2.9089007515283316,0
2025-12-17T23:32:21.378179+00:00,AAVE,Holding,Altcoins,8.719417,179.09050891664947,1561.564827986485,1
2025-12-17T23:32:21.378179+00:00,BTC,DeFi,Base,0.00042193,85973.13397700364,36.27464441891715,0
2025-12-17T23:32:21.378179+00:00,SAND,Holding,Altcoins,846.3602988,0.11493917320007692,97.27995297344205,0
2025-12-17T23:32:21.378179+00:00,USDC,DeFi,RendaPassiva,4653.6900000000005,0.99979512790694,4652.736588789248,0
2025-12-17T23:32:21.378179+00:00,ETH,DeFi,RendaPassiva,1.3587651,2823.446839970633,3836.401027857381,0
2025-12-17T23:32:21.378179+00:00,ONDO,Holding,Altcoins,601.40277023,0.3891173632392156,234.0162601966574,0.3
2025-12-17T23:32:21.378179+00:00,CKB,Holding,Altcoins,258531.12028953,0.002315167553391238,598.542861236207,0.4
2025-12-17T23:32:21.378179+00:00,ETH,Holding,Altcoins,5.2558932,2823.446839970633,14839.735046763139,4
2025-12-17T23:32:21.378179+00:00,PENDLE,DeFi,Altcoins,73.53921,1.817527857459991,133.65956279060032,0
2025-12-17T23:32:21.378179+00:00,GRIFFAIN,Holding,Altcoins,31272.051999999996,0.016131012258368046,504.44985415632294,0.3
2025-12-17T23:32:21.378179+00:00,USDT,Holding,Caixa,29480.95068966,0.9996222513843064,29469.81430134765,40
2025-12-17T23:32:21.378179+00:00,BTC,DeFi,RendaPassiva,0.101325,85973.13397700364,8711.227800219895,0
2025-12-17T23:32:21.378179+00:00,DYDX,Holding,Altcoins,2312.2487602600004,0.1688628618568775,390.4529429825206,0
2025-12-17T23:32:21.378179+00:00,GALA,Holding,Altcoins,20800.1022768,0.006210326853916005,129.17543373381048,0
2025-12-17T23:32:21.378179+00:00,BTC,Holding,Base,0.9498425699999999,85973.13397700364,81660.94252767146,45
2025-12-17T23:32:21.378179+00:00,ALGO,Holding,Altcoins,6009.82021,0.11110319748485235,667.7102416400869,0.5
2025-12-17T23:32:21.378179+00:00,ZIL,Holding,Altcoins,45523.089974,0.004631151634444964,210.82433253807523,0
2025-12-17T23:32:21.378179+00:00,LINK,Holding,Altcoins,407.887,12.206684083006362,4978.947750565216,2
2025-12-17T23:32:21.378179+00:00,ENA,Holding,Altcoins,1115.11627143,0.20289687043297008,226.25360164202942,0.2
2025-12-17T23:32:21.378179+00:00,ETH,DeFi,Altcoins,0.11161887000000001,2823.446839970633,315.1499457825929,0
2025-12-17T23:32:21.378179+00:00,PAAL,Holding,Altcoins,6140.853,0.013058722739069628,80.19169670838394,0.1
2025-12-17T23:32:21.378179+00:00,USDC,DeFi,Caixa,101.25733500000001,0.99979512790694,101.23659019784087,0
2025-12-17T23:32:21.378179+00:00,RAY,DeFi,Altcoins,0.4,0.914934631297343,0.3659738525189372,0
2025-12-17T23:32:21.378179+00:00,AAVE,DeFi,Altcoins,0.77915,179.09050891664947,139.53837002240743,0
2025-12-17T23:32:21.378179+00:00,POL,Holding,Altcoins,10035.37126,0.10655881508990107,1069.3572704528474,0.5
2025-12-17T23:32:21.378179+00:00,ADA,Holding,Altcoins,3604.23462017,0.3658910064871893,1318.757032789974,0.5
2025-12-17T23:32:21.378179+00:00,XRD,Holding,Altcoins,69611.3,0.001593450555536296,110.92216465660377,0
2025-12-17T23:32:21.378179+00:00,USDT,DeFi,RendaPassiva,785.39,0.9996222513843064,785.0933200147203,0
2025-12-17T23:32:21.378179+00:00,SOL,Holding,Altcoins,14.012607079999999,122.86305952599372,1721.631777784401,0.5
2025-12-17T23:32:21.378179+00:00,ASTR,Holding,Altcoins,55762.82931,0.010209431934377632,569.306810308763,0.45
2025-12-17T23:32:21.378179+00:00,NEAR,Holding,Altcoins,1265.66195157,1.475671131936383,1867.7008047221136,0.84
2025-12-17T23:32:21.378179+00:00,RENDER,Holding,Altcoins,83.01374000000001,1.2945597940963065,107.46625016156433,0
2025-12-17T23:32:21.378179+00:00,MNT,Holding,Altcoins,0.07529214,1.2041418011622584,0.09066241307296091,0
2025-12-17T23:32:21.378179+00:00,ARC,Holding,Altcoins,22048.67,0.03680676787396885,811.5402786197408,0.3
2025-12-17T23:32:21.378179+00:00,FET,Holding,Altcoins,5918.159502209999,0.2032071575495653,1202.6123703690446,0.88
2025-12-17T23:32:21.378179+00:00,VIRTUAL,Holding,Altcoins,1575.45986,0.677288343324014,1067.040598552883,0.3
2025-12-17T23:32:21.378179+00:00,DOT,Holding,Altcoins,648.27344032,1.806228122222508,1170.9297187959187,0.9
2025-12-17T23:32:21.378179+00:00,PYTH,Holding,Altcoins,878.54025,0.056078851637812725,49.2675283375969,0
2025-12-17T23:32:21.378179+00:00,TAI,Holding,Altcoins,1906.1919,0.020394739770285497,38.87628775272608,0
2025-12-17T23:32:21.378179+00:00,POL,DeFi,Altcoins,428.44,0.10655881508990107,45.65405873711722,0
2025-12-17T23:32:21.378179+00:00,LINK,DeFi,Altcoins,0.6786386,12.206684083006362,8.28392699673372,0
2025-12-17T23:32:21.378179+00:00,SOL,DeFi,Altcoins,0.0660798,122.86305952599372,8.11876640086576,0
2025-12-17T23:32:21.378179+00:00,BNB,Holding,Altcoins,0.0726258,840.7233506737809,61.058205921363886,0.03
2025-12-17T23:32:21.378179+00:00,TIA,Holding,Altcoins,145.97388,0.47879939073074657,69.89220480660312,0
2025-12-17T23:34:56.308658+00:00,ASTR,Holding,Altcoins,55762.82931,0.010205164434923863,569.0688424651421,0.45
2025-12-17T23:34:56.308658+00:00,MNT,Holding,Altcoins,0.07529214,1.2031382365371783,0.09058685254471034,0
2025-12-17T23:34:56.308658+00:00,ATOM,Holding,Altcoins,644.780011,1.9395992113400056,1250.6148008234002,0.9
2025-12-17T23:34:56.308658+00:00,PAAL,Holding,Altcoins,6140.853,0.01303566729680966,80.05011662661549,0.1
2025-12-17T23:34:56.308658+00:00,BNB,Holding,Altcoins,0.0726258,841.0879579086084,61.08468581347901,0.03
2025-12-17T23:34:56.308658+00:00,NEAR,Holding,Altcoins,1265.66195157,1.476829557604704,1869.1669800142292,0.84
2025-12-17T23:34:56.308658+00:00,BTC,DeFi,RendaPassiva,0.101325,85971.3724716988,8711.049315694881,0
2025-12-17T23:34:56.308658+00:00,AAVE,Holding,Altcoins,8.719417,179.17657244106908,1562.3152517443893,1
2025-12-17T23:34:56.308658+00:00,BTC,DeFi,Base,0.00042193,85971.3724716988,36.27390118698388,0
2025-12-17T23:34:56.308658+00:00,USDT,DeFi,Caixa,2.91,0.99960506729166,2.9088507458187305,0
2025-12-17T23:34:56.308658+00:00,PENDLE,DeFi,Altcoins,73.53921,1.8204280145975396,133.87283805537152,0
2025-12-17T23:34:56.308658+00:00,USDC,DeFi,Caixa,101.25733500000001,0.999840030868338,101.24113695204564,0
2025-12-17T23:34:56.308658+00:00,ETH,DeFi,Altcoins,0.11161887000000001,2823.933823720297,315.2043023584388,0
2025-12-17T23:34:56.308658+00:00,ETH,Holding,Altcoins,5.2558932,2823.933823720297,14842.294581341506,4
2025-12-17T23:34:56.308658+00:00,USDT,Holding,Caixa,29480.95068966,0.99960506729166,29469.30769795969,40
2025-12-17T23:34:56.308658+00:00,SAND,Holding,Altcoins,846.3602988,0.1149929460472956,97.32546417648138,0
2025-12-17T23:34:56.308658+00:00,FET,Holding,Altcoins,5918.159502209999,0.2032869472214484,1203.0845783738778,0.88
2025-12-17T23:34:56.308658+00:00,LINK,DeFi,Altcoins,0.6786386,12.202875944239352,8.281342646772272,0
2025-12-17T23:34:56.308658+00:00,DOT,Holding,Altcoins,648.27344032,1.8074978734383216,1171.7528647849447,0.9
2025-12-17T23:34:56.308658+00:00,PYTH,Holding,Altcoins,878.54025,0.05609819967066364,49.28452636321475,0
2025-12-17T23:34:56.308658+00:00,USDT,DeFi,RendaPassiva,785.39,0.99960506729166,785.0798238001967,0
2025-12-17T23:34:56.308658+00:00,AAVE,DeFi,Altcoins,0.77915,179.17657244106908,139.60542641745897,0
2025-12-17T23:34:56.308658+00:00,ALGO,Holding,Altcoins,6009.82021,0.1111593114915335,668.0474767315034,0.5
2025-12-17T23:34:56.308658+00:00,VIRTUAL,Holding,Altcoins,1575.45986,0.6773176960170807,1067.0868425425924,0.3
2025-12-17T23:34:56.308658+00:00,POL,Holding,Altcoins,10035.37126,0.10660318782590324,1069.8025673324512,0.5
2025-12-17T23:34:56.308658+00:00,XRD,Holding,Altcoins,69611.3,0.00159278749697477,110.87600828815981,0
2025-12-17T23:34:56.308658+00:00,ENA,Holding,Altcoins,1115.11627143,0.20311018521940807,226.49147243132305,0.2
2025-12-17T23:34:56.308658+00:00,USDC,DeFi,RendaPassiva,4653.6900000000005,0.999840030868338,4652.945553251676,0
2025-12-17T23:34:56.308658+00:00,ARC,Holding,Altcoins,22048.67,0.036530858296223594,805.4568393901963,0.3
2025-12-17T23:34:56.308658+00:00,ETH,DeFi,RendaPassiva,1.3587651,2823.933823720297,3837.0627243806916,0
2025-12-17T23:34:56.308658+00:00,SOL,DeFi,Altcoins,0.0660798,122.97686056168226,8.12628635054385,0
2025-12-17T23:34:56.308658+00:00,S,Holding,Altcoins,3059.0620288,0.07864892844149499,240.59195060118566,0
2025-12-17T23:34:56.308658+00:00,TIA,Holding,Altcoins,145.97388,0.4791547797813782,69.94408232523334,0
2025-12-17T23:34:56.308658+00:00,ADA,Holding,Altcoins,3604.23462017,0.36616457144814735,1319.743025093124,0.5
2025-12-17T23:34:56.308658+00:00,POL,DeFi,Altcoins,428.44,0.10660318782590324,45.67306979212998,0
2025-12-17T23:34:56.308658+00:00,ZIL,Holding,Altcoins,45523.089974,0.004630192623700369,210.78067540566303,0
2025-12-17T23:34:56.308658+00:00,RAY,DeFi,Altcoins,0.4,0.917294874155184,0.3669179496620736,0
2025-12-17T23:34:56.308658+00:00,LINK,Holding,Altcoins,407.887,12.202875944239352,4977.394460267957,2
2025-12-17T23:34:56.308658+00:00,TAI,Holding,Altcoins,1906.1919,0.02033198492480735,38.75666497458988,0
2025-12-17T23:34:56.308658+00:00,SOL,Holding,Altcoins,14.012607079999999,122.97686056168226,1723.2264269828015,0.5
2025-12-17T23:34:56.308658+00:00,ARC,DeFi,Altcoins,36.7125,0.036530858296223594,1.3411391352001085,0
2025-12-17T23:34:56.308658+00:00,IMX,Holding,Altcoins,364.43289,0.2323876033526822,84.68968588999165,0.1
2025-12-17T23:34:56.308658+00:00,GALA,Holding,Altcoins,20800.1022768,0.006210990790500686,129.18924368267716,0
2025-12-17T23:34:56.308658+00:00,GRIFFAIN,Holding,Altcoins,31272.051999999996,0.016115607827061132,503.9681259794627,0.3
2025-12-17T23:34:56.308658+00:00,CKB,Holding,Altcoins,258531.12028953,0.0023147619198476115,598.4379923417463,0.4
2025-12-17T23:34:56.308658+00:00,DYDX,Holding,Altcoins,2312.2487602600004,0.16896396927143925,390.6867284764941,0
2025-12-17T23:34:56.308658+00:00,RENDER,Holding,Altcoins,83.01374000000001,1.294838407712597,107.48937891986752,0
2025-12-17T23:34:56.308658+00:00,BTC,Holding,Base,0.9498425699999999,85971.3724716988,81659.26937494565,45
2025-12-17T23:34:56.308658+00:00,ONDO,Holding,Altcoins,601.40277023,0.3892985842208762,234.1252469970519,0.3
2025-12-17T23:38:20.298804+00:00,DOT,Holding,Altcoins,648.27344032,1.8081923664008577,1172.203086127046,0.9
2025-12-17T23:38:20.298804+00:00,PENDLE,DeFi,Altcoins,73.53921,1.8196139384765693,133.8129715405555,0
2025-12-17T23:38:20.298804+00:00,S,Holding,Altcoins,3059.0620288,0.0786861131177847,240.70570083247674,0
2025-12-17T23:38:20.298804+00:00,ARC,DeFi,Altcoins,36.7125,0.03653379162142531,1.3412468249015765,0
2025-12-17T23:38:20.298804+00:00,GRIFFAIN,Holding,Altcoins,31272.051999999996,0.01614470583263589,504.87808032289286,0.3
2025-12-17T23:38:20.298804+00:00,XRD,Holding,Altcoins,69611.3,0.0015917020753558515,110.8004506782188,0
2025-12-17T23:38:20.298804+00:00,USDT,Holding,Caixa,29480.95068966,0.9996353745594512,29470.201185026985,40
2025-12-17T23:38:20.298804+00:00,POL,DeFi,Altcoins,428.44,0.10658771797343455,45.6664418885383,0
2025-12-17T23:38:20.298804+00:00,FET,Holding,Altcoins,5918.159502209999,0.20326793680549485,1202.9720717000612,0.88
2025-12-17T23:38:20.298804+00:00,BTC,Holding,Base,0.9498425699999999,85979.79401553655,81667.26851578786,45
2025-12-17T23:38:20.298804+00:00,ASTR,Holding,Altcoins,55762.82931,0.010203758005629997,568.9904159884916,0.45
2025-12-17T23:38:20.298804+00:00,NEAR,Holding,Altcoins,1265.66195157,1.4762867109723767,1868.4799196861545,0.84
2025-12-17T23:38:20.298804+00:00,ZIL,Holding,Altcoins,45523.089974,0.004630689624154102,210.80330040203546,0
2025-12-17T23:38:20.298804+00:00,ALGO,Holding,Altcoins,6009.82021,0.11122788037089844,668.4595633684877,0.5
2025-12-17T23:38:20.298804+00:00,ETH,Holding,Altcoins,5.2558932,2824.5329822338344,14845.44369449853,4
2025-12-17T23:38:20.298804+00:00,CKB,Holding,Altcoins,258531.12028953,0.00231831343146012,599.3561686176494,0.4
2025-12-17T23:38:20.298804+00:00,ATOM,Holding,Altcoins,644.780011,1.9395076846355013,1250.555786233863,0.9
2025-12-17T23:38:20.298804+00:00,USDC,DeFi,RendaPassiva,4653.6900000000005,0.9999457594809708,4653.437581438999,0
2025-12-17T23:38:20.298804+00:00,BTC,DeFi,RendaPassiva,0.101325,85979.79401553655,8711.90262862424,0
2025-12-17T23:38:20.298804+00:00,RENDER,Holding,Altcoins,83.01374000000001,1.293525599515427,107.38039780151777,0
2025-12-17T23:38:20.298804+00:00,USDC,DeFi,Caixa,101.25733500000001,0.9999457594809708,101.25184274959409,0
2025-12-17T23:38:20.298804+00:00,AAVE,DeFi,Altcoins,0.77915,179.12477992489198,139.5650722784796,0
2025-12-17T23:38:20.298804+00:00,DYDX,Holding,Altcoins,2312.2487602600004,0.16896635440274269,390.69224349339356,0
2025-12-17T23:38:20.298804+00:00,SAND,Holding,Altcoins,846.3602988,0.1149369335841772,97.27805745145997,0
2025-12-17T23:38:20.298804+00:00,USDT,DeFi,Caixa,2.91,0.9996353745594512,2.908938939968003,0
2025-12-17T23:38:20.298804+00:00,POL,Holding,Altcoins,10035.37126,0.10658771797343455,1069.6473216195905,0.5
2025-12-17T23:38:20.298804+00:00,ARC,Holding,Altcoins,22048.67,0.03653379162142531,805.5215153095716,0.3
2025-12-17T23:38:20.298804+00:00,GALA,Holding,Altcoins,20800.1022768,0.006213516624936783,129.24178129728224,0
2025-12-17T23:38:20.298804+00:00,SOL,Holding,Altcoins,14.012607079999999,122.95115315120384,1722.866199140723,0.5
2025-12-17T23:38:20.298804+00:00,ENA,Holding,Altcoins,1115.11627143,0.2030163844623714,226.386873680879,0.2
2025-12-17T23:38:20.298804+00:00,ETH,DeFi,RendaPassiva,1.3587651,2824.5329822338344,3837.8768400582544,0
2025-12-17T23:38:20.298804+00:00,TIA,Holding,Altcoins,145.97388,0.4788348424205277,69.89737982731303,0
2025-12-17T23:38:20.298804+00:00,TAI,Holding,Altcoins,1906.1919,0.020294878229575184,38.685932492702555,0
2025-12-17T23:38:20.298804+00:00,VIRTUAL,Holding,Altcoins,1575.45986,0.6769067019318136,1066.4393378585567,0.3
2025-12-17T23:38:20.298804+00:00,USDT,DeFi,RendaPassiva,785.39,0.9996353745594512,785.1036268252475,0
2025-12-17T23:38:20.298804+00:00,IMX,Holding,Altcoins,364.43289,0.2324690825189027,84.71937957801218,0.1
2025-12-17T23:38:20.298804+00:00,ETH,DeFi,Altcoins,0.11161887000000001,2824.5329822338344,315.27117975467064,0
2025-12-17T23:38:20.298804+00:00,BTC,DeFi,Base,0.00042193,85979.79401553655,36.27745448897534,0
2025-12-17T23:38:20.298804+00:00,LINK,Holding,Altcoins,407.887,12.205191651299568,4978.339007073627,2
2025-12-17T23:38:20.298804+00:00,LINK,DeFi,Altcoins,0.6786386,12.205191651299568,8.282914174969626,0
2025-12-17T23:38:20.298804+00:00,ONDO,Holding,Altcoins,601.40277023,0.3888720807906477,233.8687466525999,0.3
2025-12-17T23:38:20.298804+00:00,RAY,DeFi,Altcoins,0.4,0.9168093336972912,0.3667237334789165,0
2025-12-17T23:38:20.298804+00:00,ADA,Holding,Altcoins,3604.23462017,0.3659685120479794,1319.036381015429,0.5
2025-12-17T23:38:20.298804+00:00,BNB,Holding,Altcoins,0.0726258,840.8894286048887,61.07026746397293,0.03
2025-12-17T23:38:20.298804+00:00,AAVE,Holding,Altcoins,8.719417,179.12477992489198,1561.8636511983618,1
2025-12-17T23:38:20.298804+00:00,SOL,DeFi,Altcoins,0.0660798,122.95115315120384,8.12458761000092,0
2025-12-17T23:38:20.298804+00:00,PYTH,Holding,Altcoins,878.54025,0.05608438683730014,49.27239123313837,0
